name,duration,duration_stdev,duration_median,duration_min,duration_max,memory,memory_stdev,memory_median,memory_min,memory_max,num_warnings,num_warnings_stdev,num_warnings_median,num_warnings_min,num_warnings_max,context_switches,context_switches_stdev,migrations,migrations_stdev,page_faults,page_faults_stdev,instructions,instructions_stdev,branches,branches_stdev,branch_misses,branch_misses_stdev,branch_miss_rate,branch_miss_rate_stdev,l1_loads,l1_loads_stdev,l1_load_misses,l1_load_misses_stdev,l1_miss_rate,l1_miss_rate_stdev,llc_loads,llc_loads_stdev,llc_load_misses,llc_load_misses_stdev,llc_miss_rate,llc_miss_rate_stdev
OmpSCR-fft,129.8,56.22440460751352,110.0,70,270,51477.84,2745.3404484615717,51466.0,45816,56624,9.7,20.036955652911313,0.0,0,72,0,0.0,0,0.0,0,0.0,4085323651.16,2228781104.0788217,1,0.0,1,0.0,1.0,0.0,1,0.0,1,0.0,1.0,0.0,1,0.0,1,0.0,1.0,0.0
OmpSCR-fft6,690.2,59.914565024214404,675.0,610,850,495752.16,3272.927462984657,495190.0,488468,502072,0,0.0,0.0,0,0,0,0.0,0,0.0,0,0.0,153098103611.76,4612798189.749885,1,0.0,1,0.0,1.0,0.0,1,0.0,1,0.0,1.0,0.0,1,0.0,1,0.0,1.0,0.0
DRB001,75.6,21.68042472661757,65.0,40,130,47444.96,1885.6324761474705,47356.0,43124,51236,0.04,0.1979486637221574,0.0,0,1,0,0.0,0,0.0,0,0.0,1866647975.08,969979168.9067987,1,0.0,1,0.0,1.0,0.0,1,0.0,1,0.0,1.0,0.0,1,0.0,1,0.0,1.0,0.0
DRB002,81.6,19.310565998532343,80.0,40,120,47937.76,1710.843431570212,48178.0,43200,51420,0,0.0,0.0,0,0,0,0.0,0,0.0,0,0.0,1900563464.72,605815868.6791861,1,0.0,1,0.0,1.0,0.0,1,0.0,1,0.0,1.0,0.0,1,0.0,1,0.0,1.0,0.0
DRB003,78.2,19.026297590440446,80.0,40,120,47888.96,1790.7299726932704,47862.0,44376,52968,0.1,0.30304576336566325,0.0,0,1,0,0.0,0,0.0,0,0.0,1874442055.54,744598249.4281148,1,0.0,1,0.0,1.0,0.0,1,0.0,1,0.0,1.0,0.0,1,0.0,1,0.0,1.0,0.0
DRB004,90,22.223355980148636,90.0,50,130,44378.32,2130.503068310776,43496.0,40924,49276,0.12,0.32826072265931594,0.0,0,1,0,0.0,0,0.0,0,0.0,2264565726.22,1058704989.8164023,1,0.0,1,0.0,1.0,0.0,1,0.0,1,0.0,1.0,0.0,1,0.0,1,0.0,1.0,0.0
DRB005,88,20.203050891044214,90.0,50,140,43993.52,1442.1213150588055,43188.0,41088,47260,0,0.0,0.0,0,0,0,0.0,0,0.0,0,0.0,2013622326.26,939956703.5867896,1,0.0,1,0.0,1.0,0.0,1,0.0,1,0.0,1.0,0.0,1,0.0,1,0.0,1.0,0.0
DRB006,85.6,21.68042472661757,80.0,40,140,44233.68,2049.5415260342434,43280.0,40804,51724,0,0.0,0.0,0,0,0,0.0,0,0.0,0,0.0,2130117325.68,966247325.488941,1,0.0,1,0.0,1.0,0.0,1,0.0,1,0.0,1.0,0.0,1,0.0,1,0.0,1.0,0.0
DRB007,79,20.922597879824014,80.0,40,130,43705.28,1511.1245581367812,43200.0,40772,47216,0,0.0,0.0,0,0,0,0.0,0,0.0,0,0.0,1859596370.14,836824819.2796456,1,0.0,1,0.0,1.0,0.0,1,0.0,1,0.0,1.0,0.0,1,0.0,1,0.0,1.0,0.0
DRB008,83.2,19.737046901909192,80.0,50,150,44104.72,1533.649070361407,44960.0,40876,47280,0,0.0,0.0,0,0,0,0.0,0,0.0,0,0.0,1852850661.72,656982269.8038577,1,0.0,1,0.0,1.0,0.0,1,0.0,1,0.0,1.0,0.0,1,0.0,1,0.0,1.0,0.0
DRB009,103.2,33.10095873819601,100.0,50,230,43878.72,1576.0723986271335,43414.0,40700,47428,0.5,0.5050762722761054,0.5,0,1,0,0.0,0,0.0,0,0.0,3079239563.86,1838943885.1233082,1,0.0,1,0.0,1.0,0.0,1,0.0,1,0.0,1.0,0.0,1,0.0,1,0.0,1.0,0.0
DRB010,96.6,19.651037257766383,90.0,70,140,44032.48,1657.1088942332483,43486.0,40960,47260,0.42,0.4985693819032899,0.0,0,1,0,0.0,0,0.0,0,0.0,2449146908.66,1261113948.68599,1,0.0,1,0.0,1.0,0.0,1,0.0,1,0.0,1.0,0.0,1,0.0,1,0.0,1.0,0.0
DRB011,108.4,25.262701392223537,110.0,40,190,44526.16,1655.859445873893,43654.0,41248,47724,0.76,0.5174505793221381,1.0,0,2,0,0.0,0,0.0,0,0.0,3411435023.84,1543657220.0595067,1,0.0,1,0.0,1.0,0.0,1,0.0,1,0.0,1.0,0.0,1,0.0,1,0.0,1.0,0.0
DRB012,105,20.824828195876073,110.0,50,190,44332.24,1459.7445479624585,43562.0,41316,47432,0.94,0.6197431989566817,1.0,0,2,0,0.0,0,0.0,0,0.0,3314616291.76,1448692089.8460543,1,0.0,1,0.0,1.0,0.0,1,0.0,1,0.0,1.0,0.0,1,0.0,1,0.0,1.0,0.0
DRB013,92.6,22.840172271411507,90.0,60,150,45748.16,2472.138422912604,45554.0,40864,52116,0,0.0,0.0,0,0,0,0.0,0,0.0,0,0.0,2231659600.28,777279594.3318164,1,0.0,1,0.0,1.0,0.0,1,0.0,1,0.0,1.0,0.0,1,0.0,1,0.0,1.0,0.0
DRB014,91.8,23.359654736056246,90.0,40,150,46988,2694.8204286848395,47458.0,41392,53336,0.02,0.1414213562373095,0.0,0,1,0,0.0,0,0.0,0,0.0,1993184196.34,968617824.7630996,1,0.0,1,0.0,1.0,0.0,1,0.0,1,0.0,1.0,0.0,1,0.0,1,0.0,1.0,0.0
DRB015,89.2,19.466349825023798,90.0,50,140,44476.4,1831.0521119658758,44270.0,40996,48876,0.06,0.2398979374820952,0.0,0,1,0,0.0,0,0.0,0,0.0,1999684782.52,1037066709.2603995,1,0.0,1,0.0,1.0,0.0,1,0.0,1,0.0,1.0,0.0,1,0.0,1,0.0,1.0,0.0
DRB016,103.6,21.262211377301778,100.0,60,180,44368.32,1722.6555371262814,43516.0,41264,49520,1.1,0.5802884574739972,1.0,0,2,0,0.0,0,0.0,0,0.0,3334966530.92,1431659066.6532962,1,0.0,1,0.0,1.0,0.0,1,0.0,1,0.0,1.0,0.0,1,0.0,1,0.0,1.0,0.0
DRB017,109.4,23.768440746296424,110.0,50,180,44025.12,1692.6146497809423,43510.0,41224,47656,1.08,0.6337449432233953,1.0,0,2,0,0.0,0,0.0,0,0.0,3472198744.82,1486433510.7625349,1,0.0,1,0.0,1.0,0.0,1,0.0,1,0.0,1.0,0.0,1,0.0,1,0.0,1.0,0.0
DRB018,124.8,35.69942547985663,120.0,90,240,44746.8,1851.8098813686825,43764.0,41324,49128,8.4,1.8070158058105026,8.0,5,13,0,0.0,0,0.0,0,0.0,4692137815.92,2391737284.398207,1,0.0,1,0.0,1.0,0.0,1,0.0,1,0.0,1.0,0.0,1,0.0,1,0.0,1.0,0.0
DRB019,129,30.722590239437952,120.0,90,220,44635.76,1709.7687940126852,43808.0,41432,47824,10.56,2.459135404725716,10.5,6,16,0,0.0,0,0.0,0,0.0,4883387204.24,2062384181.055319,1,0.0,1,0.0,1.0,0.0,1,0.0,1,0.0,1.0,0.0,1,0.0,1,0.0,1.0,0.0
DRB020,103.8,22.028738187250966,100.0,60,160,44171.36,1222.0005972141898,43636.0,41320,45760,0.76,0.4314191105869,1.0,0,1,0,0.0,0,0.0,0,0.0,3207156894.56,1407189415.0803168,1,0.0,1,0.0,1.0,0.0,1,0.0,1,0.0,1.0,0.0,1,0.0,1,0.0,1.0,0.0
DRB021,175.6,24.591354047257155,170.0,130,260,45650.48,1700.5145708620923,45098.0,42564,49204,29.98,2.3603009147486396,30.0,24,36,0,0.0,0,0.0,0,0.0,7543915215.12,1474291286.7600348,1,0.0,1,0.0,1.0,0.0,1,0.0,1,0.0,1.0,0.0,1,0.0,1,0.0,1.0,0.0
DRB022,170.4,21.755599795201686,170.0,130,220,45654.4,1438.0712706927416,45004.0,42540,49196,29.36,1.9457960964550196,29.0,25,34,0,0.0,0,0.0,0,0.0,7466148592.54,1424811288.8431985,1,0.0,1,0.0,1.0,0.0,1,0.0,1,0.0,1.0,0.0,1,0.0,1,0.0,1.0,0.0
DRB023,96,19.483116709979793,100.0,60,130,43705.44,1310.3742440966384,43134.0,40872,47188,0,0.0,0.0,0,0,0,0.0,0,0.0,0,0.0,1934551433.88,683939504.873244,1,0.0,1,0.0,1.0,0.0,1,0.0,1,0.0,1.0,0.0,1,0.0,1,0.0,1.0,0.0
DRB024,11.6,3.7032803990902057,10.0,10,20,19384.24,97.29873208478166,19416.0,19216,19528,0,0.0,0.0,0,0,0,0.0,0,0.0,0,0.0,31096377.88,1702.1034962177637,1,0.0,1,0.0,1.0,0.0,1,0.0,1,0.0,1.0,0.0,1,0.0,1,0.0,1.0,0.0
DRB025,11.6,3.7032803990902057,10.0,10,20,21287.68,2318.5002668421107,19394.0,19084,25740,0,0.0,0.0,0,0,0,0.0,0,0.0,0,0.0,30778745.04,3082.611283457251,1,0.0,1,0.0,1.0,0.0,1,0.0,1,0.0,1.0,0.0,1,0.0,1,0.0,1.0,0.0
DRB026,83.6,18.043032461539365,80.0,40,120,46040.08,2708.9166133270296,46608.0,41084,50200,0.02,0.1414213562373095,0.0,0,1,0,0.0,0,0.0,0,0.0,1864486958.66,783619119.1429741,1,0.0,1,0.0,1.0,0.0,1,0.0,1,0.0,1.0,0.0,1,0.0,1,0.0,1.0,0.0
DRB027,95.6,27.267383521006057,90.0,50,170,44400.16,1994.1412898993974,43552.0,40944,49836,0,0.0,0.0,0,0,0,0.0,0,0.0,0,0.0,3348206461.6,1467653770.0585816,1,0.0,1,0.0,1.0,0.0,1,0.0,1,0.0,1.0,0.0,1,0.0,1,0.0,1.0,0.0
DRB028,100.4,18.73118103209573,100.0,60,140,44535.6,1976.4412049779507,43652.0,41476,50368,0.68,0.4712120714991612,1.0,0,1,0,0.0,0,0.0,0,0.0,2918262914.98,1094150018.7504137,1,0.0,1,0.0,1.0,0.0,1,0.0,1,0.0,1.0,0.0,1,0.0,1,0.0,1.0,0.0
DRB029,89,20.627898683133786,90.0,40,150,45480.96,2413.4983074367383,45092.0,40976,52452,0.04,0.1979486637221574,0.0,0,1,0,0.0,0,0.0,0,0.0,1995108170.26,846507515.9344802,1,0.0,1,0.0,1.0,0.0,1,0.0,1,0.0,1.0,0.0,1,0.0,1,0.0,1.0,0.0
DRB030,86.8,27.363016900143723,80.0,40,180,44409.68,2453.3533688918646,43212.0,41000,52208,0.02,0.1414213562373095,0.0,0,1,0,0.0,0,0.0,0,0.0,1909421921.5,754060421.3220516,1,0.0,1,0.0,1.0,0.0,1,0.0,1,0.0,1.0,0.0,1,0.0,1,0.0,1.0,0.0
DRB031,90.2,20.848334735045142,85.0,50,140,52449.36,1552.5399039861707,51510.0,49364,56960,0.14,0.3505098327538656,0.0,0,1,0,0.0,0,0.0,0,0.0,2132108289.48,1032075056.0043838,1,0.0,1,0.0,1.0,0.0,1,0.0,1,0.0,1.0,0.0,1,0.0,1,0.0,1.0,0.0
DRB032,97.6,26.384906012834733,100.0,60,210,52711.44,1396.5209273076302,52266.0,50168,56192,0.38,0.49031435147801467,0.0,0,1,0,0.0,0,0.0,0,0.0,2785686149.92,1586616414.2716994,1,0.0,1,0.0,1.0,0.0,1,0.0,1,0.0,1.0,0.0,1,0.0,1,0.0,1.0,0.0
DRB033,88.2,20.572420611000503,90.0,40,140,44047.52,1711.1461994576523,43292.0,41272,48488,0.36,0.59795570104161,0.0,0,2,0,0.0,0,0.0,0,0.0,2318877367.68,1333908956.3136485,1,0.0,1,0.0,1.0,0.0,1,0.0,1,0.0,1.0,0.0,1,0.0,1,0.0,1.0,0.0
DRB034,97,23.495548861997896,90.0,50,180,43804.64,1366.8393118760507,43354.0,41124,47912,0.42,0.6727949622466639,0.0,0,3,0,0.0,0,0.0,0,0.0,2722555772.42,1431181589.20034,1,0.0,1,0.0,1.0,0.0,1,0.0,1,0.0,1.0,0.0,1,0.0,1,0.0,1.0,0.0
DRB035,98,19.79486637221574,100.0,70,180,47848.08,2765.760978354376,48342.0,41432,53452,1,0.5345224838248488,1.0,0,2,0,0.0,0,0.0,0,0.0,3270177010.48,1265748617.3976164,1,0.0,1,0.0,1.0,0.0,1,0.0,1,0.0,1.0,0.0,1,0.0,1,0.0,1.0,0.0
DRB036,101.8,25.610106423449476,100.0,60,190,46242.72,2429.4970256312354,45962.0,41260,50524,1.22,0.5816935163286381,1.0,0,2,0,0.0,0,0.0,0,0.0,3467308793.08,1373136546.9805446,1,0.0,1,0.0,1.0,0.0,1,0.0,1,0.0,1.0,0.0,1,0.0,1,0.0,1.0,0.0
DRB037,347.4,71.33737034796886,360.0,230,500,69251.36,2272.6905188093065,69786.0,65608,73400,1,0.0,1.0,1,1,0,0.0,0,0.0,0,0.0,18222925051,2466279244.5781283,1,0.0,1,0.0,1.0,0.0,1,0.0,1,0.0,1.0,0.0,1,0.0,1,0.0,1.0,0.0
DRB038,360,64.712866588035,365.0,210,460,71290.08,2529.346482023064,71696.0,67600,77896,1,0.0,1.0,1,1,0,0.0,0,0.0,0,0.0,17815996012.14,2815117969.168566,1,0.0,1,0.0,1.0,0.0,1,0.0,1,0.0,1.0,0.0,1,0.0,1,0.0,1.0,0.0
DRB039,82,21.852940772540506,80.0,40,160,44343.44,2206.2661056589686,43176.0,40720,50032,0,0.0,0.0,0,0,0,0.0,0,0.0,0,0.0,1882088732.76,801429210.1106035,1,0.0,1,0.0,1.0,0.0,1,0.0,1,0.0,1.0,0.0,1,0.0,1,0.0,1.0,0.0
DRB040,81.8,23.706539182259394,80.0,40,140,44357.92,1875.3018569536687,44866.0,40936,48940,0.04,0.1979486637221574,0.0,0,1,0,0.0,0,0.0,0,0.0,1904894812.48,824328026.0089046,1,0.0,1,0.0,1.0,0.0,1,0.0,1,0.0,1.0,0.0,1,0.0,1,0.0,1.0,0.0
DRB041,108,23.211538298959887,100.0,70,160,48890.08,2065.1920683519184,48986.0,45008,55848,0,0.0,0.0,0,0,0,0.0,0,0.0,0,0.0,3739386897.08,1112252017.210369,1,0.0,1,0.0,1.0,0.0,1,0.0,1,0.0,1.0,0.0,1,0.0,1,0.0,1.0,0.0
DRB042,117.6,28.1076647255963,110.0,80,210,47271.04,2104.700055803192,48012.0,44160,52056,0,0.0,0.0,0,0,0,0.0,0,0.0,0,0.0,3907305543.8,846182037.920512,1,0.0,1,0.0,1.0,0.0,1,0.0,1,0.0,1.0,0.0,1,0.0,1,0.0,1.0,0.0
DRB043,132.2,22.432665686358327,130.0,100,190,63340,1512.0891886015568,63908.0,59728,68088,0,0.0,0.0,0,0,0,0.0,0,0.0,0,0.0,4775578855.92,1103174674.1601958,1,0.0,1,0.0,1.0,0.0,1,0.0,1,0.0,1.0,0.0,1,0.0,1,0.0,1.0,0.0
DRB044,128.8,26.622071554962645,125.0,80,200,56774.4,2345.479090349199,56836.0,53064,62764,0,0.0,0.0,0,0,0,0.0,0,0.0,0,0.0,4731429171.94,1126261821.3550029,1,0.0,1,0.0,1.0,0.0,1,0.0,1,0.0,1.0,0.0,1,0.0,1,0.0,1.0,0.0
DRB045,80.4,17.018597270669066,80.0,40,120,43628.8,1963.2905323170369,43314.0,40684,47372,0,0.0,0.0,0,0,0,0.0,0,0.0,0,0.0,1899593065.3,808865158.1896744,1,0.0,1,0.0,1.0,0.0,1,0.0,1,0.0,1.0,0.0,1,0.0,1,0.0,1.0,0.0
DRB046,81.8,18.035113144154348,80.0,40,120,43646.64,2045.2575084615548,43188.0,40824,49228,0,0.0,0.0,0,0,0,0.0,0,0.0,0,0.0,1890126641.78,783740858.6561149,1,0.0,1,0.0,1.0,0.0,1,0.0,1,0.0,1.0,0.0,1,0.0,1,0.0,1.0,0.0
DRB047,85.8,19.387561760582688,90.0,50,160,43988.16,1752.639331676308,43088.0,40672,47260,0,0.0,0.0,0,0,0,0.0,0,0.0,0,0.0,2008269971.08,759330020.633855,1,0.0,1,0.0,1.0,0.0,1,0.0,1,0.0,1.0,0.0,1,0.0,1,0.0,1.0,0.0
DRB048,82.6,18.16140783898312,80.0,50,120,43773.36,1570.9619275969687,43110.0,40920,47388,0,0.0,0.0,0,0,0,0.0,0,0.0,0,0.0,1856693156.24,650648326.0336128,1,0.0,1,0.0,1.0,0.0,1,0.0,1,0.0,1.0,0.0,1,0.0,1,0.0,1.0,0.0
DRB049,81.2,15.204725366457224,80.0,50,110,44074.96,1677.9991603218448,43208.0,41052,47480,0,0.0,0.0,0,0,0,0.0,0,0.0,0,0.0,1913743445.82,738017900.5505959,1,0.0,1,0.0,1.0,0.0,1,0.0,1,0.0,1.0,0.0,1,0.0,1,0.0,1.0,0.0
DRB050,83.8,18.282365764834257,90.0,40,130,43943.84,1614.663613921627,43082.0,40984,47332,0,0.0,0.0,0,0,0,0.0,0,0.0,0,0.0,1846014794.12,843941354.1718873,1,0.0,1,0.0,1.0,0.0,1,0.0,1,0.0,1.0,0.0,1,0.0,1,0.0,1.0,0.0
DRB051,87.2,24.16271372784683,90.0,40,180,44419.76,1558.3148218770277,44974.0,41056,47400,0,0.0,0.0,0,0,0,0.0,0,0.0,0,0.0,1964899140.5,842300167.9133425,1,0.0,1,0.0,1.0,0.0,1,0.0,1,0.0,1.0,0.0,1,0.0,1,0.0,1.0,0.0
DRB052,84.4,17.746514460879467,80.0,40,120,43951.92,2118.5155357235503,44934.0,40892,49132,0,0.0,0.0,0,0,0,0.0,0,0.0,0,0.0,1798376138.36,663736659.4521425,1,0.0,1,0.0,1.0,0.0,1,0.0,1,0.0,1.0,0.0,1,0.0,1,0.0,1.0,0.0
DRB053,102.4,25.83779860465465,100.0,50,170,43537.92,1388.6775362163228,43042.0,40740,47244,0,0.0,0.0,0,0,0,0.0,0,0.0,0,0.0,2862917726.14,959523642.673502,1,0.0,1,0.0,1.0,0.0,1,0.0,1,0.0,1.0,0.0,1,0.0,1,0.0,1.0,0.0
DRB054,129.6,27.02681963516678,125.0,80,200,44706.4,1701.1454484360513,43990.0,41684,47856,0,0.0,0.0,0,0,0,0.0,0,0.0,0,0.0,4395777651.74,1418811042.5261219,1,0.0,1,0.0,1.0,0.0,1,0.0,1,0.0,1.0,0.0,1,0.0,1,0.0,1.0,0.0
DRB055,262.6,42.224376362282406,265.0,190,350,54176.96,2283.706912822543,54260.0,50100,60448,0.2,0.6998542122237652,0.0,0,4,0,0.0,0,0.0,0,0.0,12630446989.44,4183207860.6609387,1,0.0,1,0.0,1.0,0.0,1,0.0,1,0.0,1.0,0.0,1,0.0,1,0.0,1.0,0.0
DRB056,111.4,30.30524976411358,105.0,70,200,52790.32,2317.1475906240184,52244.0,49104,60600,0.04,0.1979486637221574,0.0,0,1,0,0.0,0,0.0,0,0.0,3488335080.82,1185885675.9870563,1,0.0,1,0.0,1.0,0.0,1,0.0,1,0.0,1.0,0.0,1,0.0,1,0.0,1.0,0.0
DRB057,84.2,15.790723187223257,80.0,60,120,44649.52,1938.6689125926225,43898.0,41544,48004,0,0.0,0.0,0,0,0,0.0,0,0.0,0,0.0,2023135435.92,695332350.036121,1,0.0,1,0.0,1.0,0.0,1,0.0,1,0.0,1.0,0.0,1,0.0,1,0.0,1.0,0.0
DRB058,868.2,84.55622450204844,875.0,600,1030,95427.52,1372.0895169226312,95770.0,91868,98604,0,0.0,0.0,0,0,0,0.0,0,0.0,0,0.0,62679627708.74,5049219589.32806,1,0.0,1,0.0,1.0,0.0,1,0.0,1,0.0,1.0,0.0,1,0.0,1,0.0,1.0,0.0
DRB059,87,19.298937265866137,90.0,40,130,43826.72,1522.1324332954068,43130.0,40732,47272,0,0.0,0.0,0,0,0,0.0,0,0.0,0,0.0,2029256160.42,764216797.3181902,1,0.0,1,0.0,1.0,0.0,1,0.0,1,0.0,1.0,0.0,1,0.0,1,0.0,1.0,0.0
DRB060,89.4,17.191597378026373,90.0,60,130,44621.04,1789.060601293886,45118.0,41024,49392,0,0.0,0.0,0,0,0,0.0,0,0.0,0,0.0,1994834762.5,668863195.0853611,1,0.0,1,0.0,1.0,0.0,1,0.0,1,0.0,1.0,0.0,1,0.0,1,0.0,1.0,0.0
DRB061,81.2,18.254437537100902,80.0,40,120,44223.52,1702.652267637111,44768.0,40972,49168,0,0.0,0.0,0,0,0,0.0,0,0.0,0,0.0,1822811033.72,806950061.4481459,1,0.0,1,0.0,1.0,0.0,1,0.0,1,0.0,1.0,0.0,1,0.0,1,0.0,1.0,0.0
DRB062,512,101.23724409443757,540.0,340,700,73450,2645.743196386318,73318.0,68260,80312,0,0.0,0.0,0,0,0,0.0,0,0.0,0,0.0,29238300806.38,2758794289.4379044,1,0.0,1,0.0,1.0,0.0,1,0.0,1,0.0,1.0,0.0,1,0.0,1,0.0,1.0,0.0
DRB063,82.4,22.817823323544463,80.0,40,130,47538.96,2023.3172697027896,47608.0,41116,51552,0,0.0,0.0,0,0,0,0.0,0,0.0,0,0.0,1951841719.86,915719841.3294328,1,0.0,1,0.0,1.0,0.0,1,0.0,1,0.0,1.0,0.0,1,0.0,1,0.0,1.0,0.0
DRB064,80.4,20.0977204515074,80.0,40,140,44563.92,1969.3263308936434,44608.0,41000,49092,0,0.0,0.0,0,0,0,0.0,0,0.0,0,0.0,1897058943.54,668852271.5587745,1,0.0,1,0.0,1.0,0.0,1,0.0,1,0.0,1.0,0.0,1,0.0,1,0.0,1.0,0.0
DRB065,91,17.87142286170972,90.0,60,140,48227.28,2388.079469501185,48012.0,42988,52348,0,0.0,0.0,0,0,0,0.0,0,0.0,0,0.0,3880872728.02,850368382.88819,1,0.0,1,0.0,1.0,0.0,1,0.0,1,0.0,1.0,0.0,1,0.0,1,0.0,1.0,0.0
DRB066,73,19.50928611963952,70.0,40,130,48471.04,1824.7845716854426,48348.0,45088,53016,0,0.0,0.0,0,0,0,0.0,0,0.0,0,0.0,1883512756.56,869179981.0469786,1,0.0,1,0.0,1.0,0.0,1,0.0,1,0.0,1.0,0.0,1,0.0,1,0.0,1.0,0.0
DRB067,75,17.6415557646121,80.0,40,120,47708.56,2204.1428910308045,47866.0,44080,52988,0,0.0,0.0,0,0,0,0.0,0,0.0,0,0.0,1823239414.54,695641847.3382969,1,0.0,1,0.0,1.0,0.0,1,0.0,1,0.0,1.0,0.0,1,0.0,1,0.0,1.0,0.0
DRB068,84.2,22.047259073478074,80.0,40,150,44933.6,2416.171098144791,44880.0,40848,52160,0,0.0,0.0,0,0,0,0.0,0,0.0,0,0.0,1960073755.88,743905713.5873877,1,0.0,1,0.0,1.0,0.0,1,0.0,1,0.0,1.0,0.0,1,0.0,1,0.0,1.0,0.0
DRB069,78.6,17.26267650163207,80.0,40,130,44281.84,1452.595528630017,43950.0,42772,48796,0,0.0,0.0,0,0,0,0.0,0,0.0,0,0.0,1704965807.84,753774548.9988314,1,0.0,1,0.0,1.0,0.0,1,0.0,1,0.0,1.0,0.0,1,0.0,1,0.0,1.0,0.0
DRB070,10.6,4.242640687119285,10.0,10,40,19794.8,784.8825727847602,19380.0,19152,21284,0,0.0,0.0,0,0,0,0.0,0,0.0,0,0.0,30965079.92,2132.697437710358,1,0.0,1,0.0,1.0,0.0,1,0.0,1,0.0,1.0,0.0,1,0.0,1,0.0,1.0,0.0
DRB071,84.2,17.50684997132172,80.0,50,130,44114.8,2057.1357539559904,43094.0,40888,49140,0,0.0,0.0,0,0,0,0.0,0,0.0,0,0.0,1990864220.08,602650514.3261669,1,0.0,1,0.0,1.0,0.0,1,0.0,1,0.0,1.0,0.0,1,0.0,1,0.0,1.0,0.0
DRB072,95.4,21.20935488632027,90.0,60,170,44735.2,2019.7629280968313,44992.0,40916,49220,0,0.0,0.0,0,0,0,0.0,0,0.0,0,0.0,3494909506.92,1109005254.1136785,1,0.0,1,0.0,1.0,0.0,1,0.0,1,0.0,1.0,0.0,1,0.0,1,0.0,1.0,0.0
DRB073,119,17.985254731448816,115.0,90,160,44952,1996.40918467459,43808.0,41396,49776,1.94,0.5115003939990902,2.0,1,3,0,0.0,0,0.0,0,0.0,4296275318.16,1171909182.6854467,1,0.0,1,0.0,1.0,0.0,1,0.0,1,0.0,1.0,0.0,1,0.0,1,0.0,1.0,0.0
DRB074,30,0.0,30.0,30,30,27230.56,1685.6737544764148,27476.0,25304,29708,0,0.0,0.0,0,0,0,0.0,0,0.0,0,0.0,53212561.3,926840.2712271728,1,0.0,1,0.0,1.0,0.0,1,0.0,1,0.0,1.0,0.0,1,0.0,1,0.0,1.0,0.0
DRB075,85.8,21.197805046171883,80.0,50,150,43899.2,1725.6826865602718,43196.0,41020,48748,0.04,0.1979486637221574,0.0,0,1,0,0.0,0,0.0,0,0.0,2202400506.5,951941771.791136,1,0.0,1,0.0,1.0,0.0,1,0.0,1,0.0,1.0,0.0,1,0.0,1,0.0,1.0,0.0
DRB076,30,0.0,30.0,30,30,26933.2,1570.0819684828884,26604.0,25308,29520,0,0.0,0.0,0,0,0,0.0,0,0.0,0,0.0,53429486.16,436768.08525294624,1,0.0,1,0.0,1.0,0.0,1,0.0,1,0.0,1.0,0.0,1,0.0,1,0.0,1.0,0.0
DRB077,90,26.41891715558133,90.0,50,180,44190.56,2610.1071692752466,43234.0,40920,49304,0,0.0,0.0,0,0,0,0.0,0,0.0,0,0.0,2065175103.8,647030080.2135228,1,0.0,1,0.0,1.0,0.0,1,0.0,1,0.0,1.0,0.0,1,0.0,1,0.0,1.0,0.0
DRB078,97.8,24.60214027523721,90.0,60,170,44885.36,2389.5967191139175,44980.0,40992,51536,0,0.0,0.0,0,0,0,0.0,0,0.0,0,0.0,3633824861.9,1363493328.2191815,1,0.0,1,0.0,1.0,0.0,1,0.0,1,0.0,1.0,0.0,1,0.0,1,0.0,1.0,0.0
DRB079,99,26.283384989963,100.0,60,170,44652.24,1917.186784252981,44858.0,41060,49300,0,0.0,0.0,0,0,0,0.0,0,0.0,0,0.0,3582206889.68,1348823606.9506314,1,0.0,1,0.0,1.0,0.0,1,0.0,1,0.0,1.0,0.0,1,0.0,1,0.0,1.0,0.0
DRB080,100.8,27.31823043840348,100.0,40,180,44313.6,2024.4247356234514,43546.0,40840,49256,0.74,0.44308749769345207,1.0,0,1,0,0.0,0,0.0,0,0.0,3482769289.3,1861378452.3875685,1,0.0,1,0.0,1.0,0.0,1,0.0,1,0.0,1.0,0.0,1,0.0,1,0.0,1.0,0.0
DRB081,10.6,4.242640687119285,10.0,10,40,20912.4,2092.6819429348825,19522.0,19220,26048,0,0.0,0.0,0,0,0,0.0,0,0.0,0,0.0,30776534.94,3009.116857423894,1,0.0,1,0.0,1.0,0.0,1,0.0,1,0.0,1.0,0.0,1,0.0,1,0.0,1.0,0.0
DRB082,97.2,20.507838222772982,90.0,60,160,44049.12,1459.2867231658636,43452.0,40864,47400,0.8,0.4040610178208843,1.0,0,1,0,0.0,0,0.0,0,0.0,3242444851.96,1194468866.7614076,1,0.0,1,0.0,1.0,0.0,1,0.0,1,0.0,1.0,0.0,1,0.0,1,0.0,1.0,0.0
DRB083,10.2,1.4142135623730951,10.0,10,20,23541.12,1563.3222687335992,23848.0,19316,26092,0,0.0,0.0,0,0,0,0.0,0,0.0,0,0.0,30768959.56,1918.951862717919,1,0.0,1,0.0,1.0,0.0,1,0.0,1,0.0,1.0,0.0,1,0.0,1,0.0,1.0,0.0
DRB084,91.2,20.065199846947927,90.0,50,130,49199.92,1865.7557623917337,49158.0,44852,53300,0.36,0.48487322138506117,0.0,0,1,0,0.0,0,0.0,0,0.0,2691970012.8,810985101.402106,1,0.0,1,0.0,1.0,0.0,1,0.0,1,0.0,1.0,0.0,1,0.0,1,0.0,1.0,0.0
DRB085,82,18.73553864086286,80.0,60,140,48971.52,1913.7187458890992,48718.0,43920,53208,0,0.0,0.0,0,0,0,0.0,0,0.0,0,0.0,2485722625.52,839313203.979138,1,0.0,1,0.0,1.0,0.0,1,0.0,1,0.0,1.0,0.0,1,0.0,1,0.0,1.0,0.0
DRB086,113.4,47.1476188071431,100.0,50,350,46882.88,2719.6273502231206,46866.0,40888,51796,0.84,0.3703280399090206,1.0,0,1,0,0.0,0,0.0,0,0.0,3758023953.78,2660467380.2810936,1,0.0,1,0.0,1.0,0.0,1,0.0,1,0.0,1.0,0.0,1,0.0,1,0.0,1.0,0.0
DRB087,103.2,25.430176514350432,100.0,50,200,44604.72,1744.0334559606945,43608.0,43000,49544,0.88,0.32826072265931594,1.0,0,1,0,0.0,0,0.0,0,0.0,3854611850.1,1505081778.1229548,1,0.0,1,0.0,1.0,0.0,1,0.0,1,0.0,1.0,0.0,1,0.0,1,0.0,1.0,0.0
DRB088,94.4,24.756776025639393,100.0,40,150,44836.64,2078.8556286808275,43590.0,41424,49140,0.64,0.48487322138506117,1.0,0,1,0,0.0,0,0.0,0,0.0,2923737568.76,1361163922.6375642,1,0.0,1,0.0,1.0,0.0,1,0.0,1,0.0,1.0,0.0,1,0.0,1,0.0,1.0,0.0
DRB089,94,23.123448651769493,90.0,50,190,44776.24,1782.7900005672145,44882.0,42720,49232,0.66,0.47851812069840644,1.0,0,1,0,0.0,0,0.0,0,0.0,2895681465.16,1170850225.1176212,1,0.0,1,0.0,1.0,0.0,1,0.0,1,0.0,1.0,0.0,1,0.0,1,0.0,1.0,0.0
DRB090,95.2,27.571058472719585,90.0,40,170,43870.08,2081.907953816226,43106.0,40672,49252,0,0.0,0.0,0,0,0,0.0,0,0.0,0,0.0,2482483889.04,948136873.4237024,1,0.0,1,0.0,1.0,0.0,1,0.0,1,0.0,1.0,0.0,1,0.0,1,0.0,1.0,0.0
DRB091,101.4,23.212417507244098,100.0,70,170,44806.56,1498.7158062004626,44042.0,41420,48436,0,0.0,0.0,0,0,0,0.0,0,0.0,0,0.0,2864519724.22,1158229692.0670114,1,0.0,1,0.0,1.0,0.0,1,0.0,1,0.0,1.0,0.0,1,0.0,1,0.0,1.0,0.0
DRB092,101.6,21.510320256821384,100.0,70,150,45222.32,1910.1962442190518,44920.0,41340,50256,0.5,0.5050762722761054,0.5,0,1,0,0.0,0,0.0,0,0.0,3257292434.12,1340695696.3421597,1,0.0,1,0.0,1.0,0.0,1,0.0,1,0.0,1.0,0.0,1,0.0,1,0.0,1.0,0.0
DRB093,86.4,24.723780174610212,85.0,40,150,44425.52,2075.769463822699,44812.0,41000,49372,0,0.0,0.0,0,0,0,0.0,0,0.0,0,0.0,2053342460.94,796254590.6588918,1,0.0,1,0.0,1.0,0.0,1,0.0,1,0.0,1.0,0.0,1,0.0,1,0.0,1.0,0.0
DRB094,900000,0.0,900000.0,900000,900000,49392,0.0,49392.0,49392,49392,0,0.0,0.0,0,0,0,0.0,0,0.0,0,0.0,1962367554856,0.0,1,0.0,1,0.0,1.0,0.0,1,0.0,1,0.0,1.0,0.0,1,0.0,1,0.0,1.0,0.0
DRB095,126.2,17.01020102102001,120.0,100,170,45074.56,1683.0067864584819,44566.0,41872,50192,3.12,0.9822921964383478,3.0,1,5,0,0.0,0,0.0,0,0.0,4997248595.74,1402879231.642521,1,0.0,1,0.0,1.0,0.0,1,0.0,1,0.0,1.0,0.0,1,0.0,1,0.0,1.0,0.0
DRB096,86.6,18.801867037122474,90.0,50,140,45680.96,2626.2768320128303,45286.0,41812,50228,0,0.0,0.0,0,0,0,0.0,0,0.0,0,0.0,3063306421.66,1174196283.4108837,1,0.0,1,0.0,1.0,0.0,1,0.0,1,0.0,1.0,0.0,1,0.0,1,0.0,1.0,0.0
DRB097,356.8,38.302768056843185,355.0,280,470,102017.6,3638.9264171439017,101498.0,94424,109588,0,0.0,0.0,0,0,0,0.0,0,0.0,0,0.0,14058362089.02,3315131156.7378993,1,0.0,1,0.0,1.0,0.0,1,0.0,1,0.0,1.0,0.0,1,0.0,1,0.0,1.0,0.0
DRB098,10.6,3.136356914300021,10.0,10,30,20409.6,861.1999222726678,19880.0,19676,21868,0,0.0,0.0,0,0,0,0.0,0,0.0,0,0.0,31096429.46,1993.5761653217003,1,0.0,1,0.0,1.0,0.0,1,0.0,1,0.0,1.0,0.0,1,0.0,1,0.0,1.0,0.0
DRB099,81.2,17.801627992508816,80.0,40,130,46006.56,2524.7175486394835,45146.0,41016,52268,0,0.0,0.0,0,0,0,0.0,0,0.0,0,0.0,1815497201.62,741636711.7884564,1,0.0,1,0.0,1.0,0.0,1,0.0,1,0.0,1.0,0.0,1,0.0,1,0.0,1.0,0.0
DRB100,84.6,20.123090605327107,80.0,50,150,47909.12,2034.7041367436282,47964.0,44228,53208,0,0.0,0.0,0,0,0,0.0,0,0.0,0,0.0,3239289596.24,1216346003.9587638,1,0.0,1,0.0,1.0,0.0,1,0.0,1,0.0,1.0,0.0,1,0.0,1,0.0,1.0,0.0
DRB101,88.2,20.572420611000503,90.0,50,150,48279.28,2061.653735252754,48122.0,44312,53064,0,0.0,0.0,0,0,0,0.0,0,0.0,0,0.0,3389054155.5,1225170620.4804385,1,0.0,1,0.0,1.0,0.0,1,0.0,1,0.0,1.0,0.0,1,0.0,1,0.0,1.0,0.0
DRB102,92.8,23.90798688168232,90.0,50,150,47996.64,1768.5045655489123,48066.0,43064,51576,0,0.0,0.0,0,0,0,0.0,0,0.0,0,0.0,2570557361.84,921829557.876461,1,0.0,1,0.0,1.0,0.0,1,0.0,1,0.0,1.0,0.0,1,0.0,1,0.0,1.0,0.0
DRB103,83.8,27.096953665664778,80.0,40,170,47963.04,2031.9780747652103,48176.0,43216,50956,0,0.0,0.0,0,0,0,0.0,0,0.0,0,0.0,1970226048.36,901848649.7351925,1,0.0,1,0.0,1.0,0.0,1,0.0,1,0.0,1.0,0.0,1,0.0,1,0.0,1.0,0.0
DRB104,89,20.627898683133786,85.0,60,150,48344,2105.965094580591,48020.0,42976,52876,0,0.0,0.0,0,0,0,0.0,0,0.0,0,0.0,2474056907.3,801733871.7127188,1,0.0,1,0.0,1.0,0.0,1,0.0,1,0.0,1.0,0.0,1,0.0,1,0.0,1.0,0.0
DRB105,1180.8,296.8531554798893,1140.0,1100,3230,114635.2,4211.67248760598,114742.0,103896,121272,4.12,2.2098111471622297,4.0,0,9,0,0.0,0,0.0,0,0.0,24809621423.32,18897217765.823215,1,0.0,1,0.0,1.0,0.0,1,0.0,1,0.0,1.0,0.0,1,0.0,1,0.0,1.0,0.0
DRB106,198,69.42915931555923,195.0,70,430,52313.52,2240.293550736016,52406.0,47080,56764,0.02,0.1414213562373095,0.0,0,1,0,0.0,0,0.0,0,0.0,10588290472.9,4997976484.58271,1,0.0,1,0.0,1.0,0.0,1,0.0,1,0.0,1.0,0.0,1,0.0,1,0.0,1.0,0.0
DRB107,87.4,22.929350231544205,85.0,50,150,48272.24,2123.5522661189143,47938.0,43324,52920,0,0.0,0.0,0,0,0,0.0,0,0.0,0,0.0,3182642914.96,1303508921.2058365,1,0.0,1,0.0,1.0,0.0,1,0.0,1,0.0,1.0,0.0,1,0.0,1,0.0,1.0,0.0
DRB108,78.6,23.734070920282083,70.0,40,150,48283.36,2077.4746616495513,48300.0,44180,51100,0,0.0,0.0,0,0,0,0.0,0,0.0,0,0.0,1897753501.38,775286201.6739662,1,0.0,1,0.0,1.0,0.0,1,0.0,1,0.0,1.0,0.0,1,0.0,1,0.0,1.0,0.0
DRB109,102.2,24.183819856613695,100.0,60,160,47924.32,1988.4050570797713,48188.0,41240,52616,0.7,0.4629100498862757,1.0,0,1,0,0.0,0,0.0,0,0.0,2435556280.64,955027466.2117487,1,0.0,1,0.0,1.0,0.0,1,0.0,1,0.0,1.0,0.0,1,0.0,1,0.0,1.0,0.0
DRB110,90.6,24.5290331930909,90.0,40,170,48723.04,2195.1635981988093,48246.0,44976,52988,0,0.0,0.0,0,0,0,0.0,0,0.0,0,0.0,1632712989.22,707681275.5677693,1,0.0,1,0.0,1.0,0.0,1,0.0,1,0.0,1.0,0.0,1,0.0,1,0.0,1.0,0.0
DRB111,96.4,25.21418454046881,90.0,60,170,48429.04,1716.1429577481508,48682.0,43948,52332,1.04,0.6375975315548971,1.0,0,2,0,0.0,0,0.0,0,0.0,3147489630.22,1509774991.8223839,1,0.0,1,0.0,1.0,0.0,1,0.0,1,0.0,1.0,0.0,1,0.0,1,0.0,1.0,0.0
DRB112,90,24.243661069253058,90.0,50,160,48106.16,2191.376525364449,47942.0,42988,52332,0,0.0,0.0,0,0,0,0.0,0,0.0,0,0.0,2290635446.48,880863571.4956954,1,0.0,1,0.0,1.0,0.0,1,0.0,1,0.0,1.0,0.0,1,0.0,1,0.0,1.0,0.0
DRB113,94,23.47382389307855,90.0,60,160,48319.44,2150.4444738476836,48222.0,43280,53020,0,0.0,0.0,0,0,0,0.0,0,0.0,0,0.0,2477270990.04,885666795.581145,1,0.0,1,0.0,1.0,0.0,1,0.0,1,0.0,1.0,0.0,1,0.0,1,0.0,1.0,0.0
DRB114,55.4,31.507044887628233,60.0,20,130,40183.76,10080.769468849172,46654.0,24920,50860,0,0.0,0.0,0,0,0,0.0,0,0.0,0,0.0,1089222463.06,987958643.4326189,1,0.0,1,0.0,1.0,0.0,1,0.0,1,0.0,1.0,0.0,1,0.0,1,0.0,1.0,0.0
DRB115,76.6,28.328250844666837,60.0,40,170,48140.88,1933.873733716652,48004.0,43188,52400,0.02,0.1414213562373095,0.0,0,1,0,0.0,0,0.0,0,0.0,1734803743.12,839295899.507957,1,0.0,1,0.0,1.0,0.0,1,0.0,1,0.0,1.0,0.0,1,0.0,1,0.0,1.0,0.0
DRB116,50.4,1.979486637221574,50.0,50,60,64633.28,3286.294849578678,64030.0,56804,71420,0,0.0,0.0,0,0,0,0.0,0,0.0,0,0.0,93651247.34,1062080.0233483622,1,0.0,1,0.0,1.0,0.0,1,0.0,1,0.0,1.0,0.0,1,0.0,1,0.0,1.0,0.0
DRB117,27.8,5.454823740581938,30.0,20,50,24596.56,2139.122995576477,23506.0,23192,29704,0,0.0,0.0,0,0,0,0.0,0,0.0,0,0.0,50649619.8,475667.612463809,1,0.0,1,0.0,1.0,0.0,1,0.0,1,0.0,1.0,0.0,1,0.0,1,0.0,1.0,0.0
DRB118,82.2,18.875532159007182,80.0,40,130,43642.88,1603.8930271215033,43136.0,40896,47172,0,0.0,0.0,0,0,0,0.0,0,0.0,0,0.0,1945740995.64,805126361.1318814,1,0.0,1,0.0,1.0,0.0,1,0.0,1,0.0,1.0,0.0,1,0.0,1,0.0,1.0,0.0
DRB119,80,17.95686441425219,80.0,40,120,43984.16,1710.896642353455,43228.0,40944,47252,0,0.0,0.0,0,0,0,0.0,0,0.0,0,0.0,1866728068.14,885565177.5798343,1,0.0,1,0.0,1.0,0.0,1,0.0,1,0.0,1.0,0.0,1,0.0,1,0.0,1.0,0.0
DRB120,95.4,22.05836414087474,90.0,50,160,43588.56,1475.7054094602365,43008.0,40836,47144,0,0.0,0.0,0,0,0,0.0,0,0.0,0,0.0,2507965785.86,791667813.1838793,1,0.0,1,0.0,1.0,0.0,1,0.0,1,0.0,1.0,0.0,1,0.0,1,0.0,1.0,0.0
DRB121,99.4,23.768440746296424,95.0,60,170,43898,1475.6058873201466,43208.0,40796,47260,0,0.0,0.0,0,0,0,0.0,0,0.0,0,0.0,2607330116.98,862436716.2538766,1,0.0,1,0.0,1.0,0.0,1,0.0,1,0.0,1.0,0.0,1,0.0,1,0.0,1.0,0.0
DRB122,86.6,25.443815655322627,90.0,40,140,43884.8,1368.8559203262573,43176.0,41000,47408,0,0.0,0.0,0,0,0,0.0,0,0.0,0,0.0,1881628729.06,862810159.1859543,1,0.0,1,0.0,1.0,0.0,1,0.0,1,0.0,1.0,0.0,1,0.0,1,0.0,1.0,0.0
DRB123,105.6,20.81600640009941,100.0,60,160,43751.04,1445.7751675492427,43212.0,40984,47476,0.08,0.27404751561786966,0.0,0,1,0,0.0,0,0.0,0,0.0,3953217492.28,1095234202.1173527,1,0.0,1,0.0,1.0,0.0,1,0.0,1,0.0,1.0,0.0,1,0.0,1,0.0,1.0,0.0
DRB124,85.4,16.807432758109353,80.0,50,120,43969.28,1734.0251044483591,43100.0,40676,47264,0,0.0,0.0,0,0,0,0.0,0,0.0,0,0.0,1904053336.6,780918468.4489363,1,0.0,1,0.0,1.0,0.0,1,0.0,1,0.0,1.0,0.0,1,0.0,1,0.0,1.0,0.0
DRB125,99.2,23.020842375409927,90.0,60,150,43568.88,2004.6664401656778,43162.0,40828,49040,0,0.0,0.0,0,0,0,0.0,0,0.0,0,0.0,2501754332.68,920782801.807992,1,0.0,1,0.0,1.0,0.0,1,0.0,1,0.0,1.0,0.0,1,0.0,1,0.0,1.0,0.0
DRB126,24,4.948716593053935,20.0,20,30,22793.04,97.15902386483381,22814.0,22592,22980,0,0.0,0.0,0,0,0,0.0,0,0.0,0,0.0,47862178.84,21760.266509997586,1,0.0,1,0.0,1.0,0.0,1,0.0,1,0.0,1.0,0.0,1,0.0,1,0.0,1.0,0.0
DRB127,22.2,4.6467017049401695,20.0,20,40,23198.8,780.4811702679682,22796.0,22568,24976,0,0.0,0.0,0,0,0,0.0,0,0.0,0,0.0,48625403.8,22438.24571883407,1,0.0,1,0.0,1.0,0.0,1,0.0,1,0.0,1.0,0.0,1,0.0,1,0.0,1.0,0.0
DRB128,22,4.040610178208843,20.0,20,30,23297.92,793.5932191942043,22852.0,22592,24852,0,0.0,0.0,0,0,0,0.0,0,0.0,0,0.0,48633455.18,19083.0473208178,1,0.0,1,0.0,1.0,0.0,1,0.0,1,0.0,1.0,0.0,1,0.0,1,0.0,1.0,0.0
DRB129,23.2,5.51065757771026,20.0,20,40,23374.48,809.0822777968245,22874.0,22608,24860,0,0.0,0.0,0,0,0,0.0,0,0.0,0,0.0,48624683,25236.860889401843,1,0.0,1,0.0,1.0,0.0,1,0.0,1,0.0,1.0,0.0,1,0.0,1,0.0,1.0,0.0
DRB130,21.6,4.2185208743524,20.0,20,40,24077.44,1800.7167298674408,22972.0,22568,29396,0,0.0,0.0,0,0,0,0.0,0,0.0,0,0.0,48629379.56,21416.57706997749,1,0.0,1,0.0,1.0,0.0,1,0.0,1,0.0,1.0,0.0,1,0.0,1,0.0,1.0,0.0
DRB131,88.8,23.35528607735521,90.0,40,140,48409.44,2300.0173571660944,48278.0,43076,53124,0,0.0,0.0,0,0,0,0.0,0,0.0,0,0.0,3315231628.86,1295872437.1877933,1,0.0,1,0.0,1.0,0.0,1,0.0,1,0.0,1.0,0.0,1,0.0,1,0.0,1.0,0.0
DRB132,87.4,20.683227948445257,90.0,40,130,47960.56,2021.0212831483927,48276.0,43160,52572,0,0.0,0.0,0,0,0,0.0,0,0.0,0,0.0,3208122030.12,1152835251.0192375,1,0.0,1,0.0,1.0,0.0,1,0.0,1,0.0,1.0,0.0,1,0.0,1,0.0,1.0,0.0
DRB133,90.6,20.04179306818018,90.0,60,150,48107.68,2180.534117680195,48264.0,43160,52924,0,0.0,0.0,0,0,0,0.0,0,0.0,0,0.0,3320044080.52,1073778065.2233167,1,0.0,1,0.0,1.0,0.0,1,0.0,1,0.0,1.0,0.0,1,0.0,1,0.0,1.0,0.0
DRB134,92.8,22.591311315166624,90.0,50,150,48150.8,1987.4667292812728,47954.0,43148,53056,0,0.0,0.0,0,0,0,0.0,0,0.0,0,0.0,3395544310,1259266247.0285206,1,0.0,1,0.0,1.0,0.0,1,0.0,1,0.0,1.0,0.0,1,0.0,1,0.0,1.0,0.0
DRB135,93.6,23.27826348807849,90.0,50,160,47768.56,2083.057409145489,47862.0,43288,53332,0,0.0,0.0,0,0,0,0.0,0,0.0,0,0.0,3556265740.84,1362751313.0536962,1,0.0,1,0.0,1.0,0.0,1,0.0,1,0.0,1.0,0.0,1,0.0,1,0.0,1.0,0.0
DRB136,100.4,27.10222522681298,100.0,50,200,48037.04,1941.6234419176344,48016.0,43240,52452,0,0.0,0.0,0,0,0,0.0,0,0.0,0,0.0,3731721647.82,1261318190.7606447,1,0.0,1,0.0,1.0,0.0,1,0.0,1,0.0,1.0,0.0,1,0.0,1,0.0,1.0,0.0
DRB137,10,0.0,10.0,10,10,23771.36,1298.8950682666198,23798.0,21488,26256,0,0.0,0.0,0,0,0,0.0,0,0.0,0,0.0,30775632.7,1895.2979330706928,1,0.0,1,0.0,1.0,0.0,1,0.0,1,0.0,1.0,0.0,1,0.0,1,0.0,1.0,0.0
DRB138,10.4,1.979486637221574,10.0,10,20,21180.56,2252.073730623237,19456.0,19216,25228,0,0.0,0.0,0,0,0,0.0,0,0.0,0,0.0,30778434.34,2611.7185257127194,1,0.0,1,0.0,1.0,0.0,1,0.0,1,0.0,1.0,0.0,1,0.0,1,0.0,1.0,0.0
DRB139,84.2,18.853895824340974,85.0,40,140,43833.84,1665.0421010795333,43152.0,40932,47256,0,0.0,0.0,0,0,0,0.0,0,0.0,0,0.0,2105341079.38,850710511.8226029,1,0.0,1,0.0,1.0,0.0,1,0.0,1,0.0,1.0,0.0,1,0.0,1,0.0,1.0,0.0
DRB140,93.6,22.20130534864276,90.0,50,150,43625.2,1516.441645862485,43134.0,40808,47472,0,0.0,0.0,0,0,0,0.0,0,0.0,0,0.0,2456530435.24,956990327.6707562,1,0.0,1,0.0,1.0,0.0,1,0.0,1,0.0,1.0,0.0,1,0.0,1,0.0,1.0,0.0
DRB141,109,27.19918966379967,100.0,50,170,44304.56,1556.53597819921,44870.0,41288,49088,0,0.0,0.0,0,0,0,0.0,0,0.0,0,0.0,2947681115.6,980761115.1492819,1,0.0,1,0.0,1.0,0.0,1,0.0,1,0.0,1.0,0.0,1,0.0,1,0.0,1.0,0.0
DRB142,27,4.6291004988627575,30.0,20,30,23356.4,446.02205491364185,23294.0,23028,25492,0,0.0,0.0,0,0,0,0.0,0,0.0,0,0.0,48298951.96,42359.72171574197,1,0.0,1,0.0,1.0,0.0,1,0.0,1,0.0,1.0,0.0,1,0.0,1,0.0,1.0,0.0
DRB143,27.2,4.535573676110727,30.0,20,30,23248.16,132.5048108483582,23282.0,23036,23508,0,0.0,0.0,0,0,0,0.0,0,0.0,0,0.0,48286020.78,42905.571467475085,1,0.0,1,0.0,1.0,0.0,1,0.0,1,0.0,1.0,0.0,1,0.0,1,0.0,1.0,0.0
DRB144,103.2,23.073971553794248,100.0,60,150,44028.08,1667.0559634595722,45028.0,40932,47184,0,0.0,0.0,0,0,0,0.0,0,0.0,0,0.0,1756428764.2,580677967.5833735,1,0.0,1,0.0,1.0,0.0,1,0.0,1,0.0,1.0,0.0,1,0.0,1,0.0,1.0,0.0
DRB145,122,27.479120088101922,120.0,70,200,44009.2,1496.3333143905813,43278.0,41080,47248,0,0.0,0.0,0,0,0,0.0,0,0.0,0,0.0,2644183182.36,783288606.7953082,1,0.0,1,0.0,1.0,0.0,1,0.0,1,0.0,1.0,0.0,1,0.0,1,0.0,1.0,0.0
DRB146,41,3.6421567954234177,40.0,40,60,41283.52,1556.4782099210972,40432.0,38364,44480,0,0.0,0.0,0,0,0,0.0,0,0.0,0,0.0,57692022.36,106779.39662052444,1,0.0,1,0.0,1.0,0.0,1,0.0,1,0.0,1.0,0.0,1,0.0,1,0.0,1.0,0.0
DRB147,103.2,16.217903938649574,110.0,70,140,43919.36,1484.4773664251575,43242.0,40984,47396,0,0.0,0.0,0,0,0,0.0,0,0.0,0,0.0,2027820576.02,538796783.4956466,1,0.0,1,0.0,1.0,0.0,1,0.0,1,0.0,1.0,0.0,1,0.0,1,0.0,1.0,0.0
DRB148,110.6,26.140124759629202,110.0,60,180,43677.36,1452.9289455497562,43284.0,40996,47340,0.02,0.1414213562373095,0.0,0,1,0,0.0,0,0.0,0,0.0,1948791817.14,782146989.8153807,1,0.0,1,0.0,1.0,0.0,1,0.0,1,0.0,1.0,0.0,1,0.0,1,0.0,1.0,0.0
DRB149,96.8,19.106575425486273,90.0,50,160,44320.24,1848.6083299474285,44408.0,40852,48404,0,0.0,0.0,0,0,0,0.0,0,0.0,0,0.0,1899189762.42,678423760.6585608,1,0.0,1,0.0,1.0,0.0,1,0.0,1,0.0,1.0,0.0,1,0.0,1,0.0,1.0,0.0
DRB150,100.2,22.084254248542912,100.0,70,190,44310.4,1426.790661532635,43512.0,42744,47388,0,0.0,0.0,0,0,0,0.0,0,0.0,0,0.0,1882503905.64,581628694.9540223,1,0.0,1,0.0,1.0,0.0,1,0.0,1,0.0,1.0,0.0,1,0.0,1,0.0,1.0,0.0
DRB151,107.6,20.057061456896278,110.0,70,180,44210,1877.5098140997336,43512.0,41236,49296,0.58,0.4985693819032899,1.0,0,1,0,0.0,0,0.0,0,0.0,2578545299.9,920012330.876174,1,0.0,1,0.0,1.0,0.0,1,0.0,1,0.0,1.0,0.0,1,0.0,1,0.0,1.0,0.0
DRB152,101.6,22.710242227700178,100.0,50,150,44497.44,1812.0861825700301,44918.0,40896,49020,0,0.0,0.0,0,0,0,0.0,0,0.0,0,0.0,1892467935.18,650084105.2788732,1,0.0,1,0.0,1.0,0.0,1,0.0,1,0.0,1.0,0.0,1,0.0,1,0.0,1.0,0.0
DRB153,105.6,17.515008141707547,110.0,70,150,44431.04,1550.1130039122822,43616.0,41484,49032,0.56,0.501426536422407,1.0,0,1,0,0.0,0,0.0,0,0.0,2599651498.28,1081741902.486031,1,0.0,1,0.0,1.0,0.0,1,0.0,1,0.0,1.0,0.0,1,0.0,1,0.0,1.0,0.0
DRB154,40.2,1.4142135623730951,40.0,40,50,41439.28,1729.4585095707068,40628.0,38408,46528,0,0.0,0.0,0,0,0,0.0,0,0.0,0,0.0,58337548.3,61706.282469900114,1,0.0,1,0.0,1.0,0.0,1,0.0,1,0.0,1.0,0.0,1,0.0,1,0.0,1.0,0.0
DRB155,86.6,23.000443651444318,90.0,40,170,44367.76,1959.2169047861953,44796.0,40952,51084,0,0.0,0.0,0,0,0,0.0,0,0.0,0,0.0,1472551730.44,553469596.9422544,1,0.0,1,0.0,1.0,0.0,1,0.0,1,0.0,1.0,0.0,1,0.0,1,0.0,1.0,0.0
DRB156,101.4,23.647927811880653,100.0,50,150,44728.16,1658.0818935487732,44936.0,42772,48892,0.04,0.1979486637221574,0.0,0,1,0,0.0,0,0.0,0,0.0,1935060744.94,642247685.575679,1,0.0,1,0.0,1.0,0.0,1,0.0,1,0.0,1.0,0.0,1,0.0,1,0.0,1.0,0.0
DRB157,98.2,17.92159796082335,100.0,50,140,44123.12,2419.417543668774,43246.0,40840,49428,0,0.0,0.0,0,0,0,0.0,0,0.0,0,0.0,1875946843.24,694604410.5258569,1,0.0,1,0.0,1.0,0.0,1,0.0,1,0.0,1.0,0.0,1,0.0,1,0.0,1.0,0.0
DRB158,27.6,4.763809143009447,30.0,20,40,23397.28,906.3049682696239,22918.0,22676,26148,0,0.0,0.0,0,0,0,0.0,0,0.0,0,0.0,49532269.06,29725.29814780532,1,0.0,1,0.0,1.0,0.0,1,0.0,1,0.0,1.0,0.0,1,0.0,1,0.0,1.0,0.0
DRB159,149,30.722590239437952,150.0,100,230,44856.96,2173.162850289308,44248.0,41124,49612,0,0.0,0.0,0,0,0,0.0,0,0.0,0,0.0,6143483748.74,1852184657.5768867,1,0.0,1,0.0,1.0,0.0,1,0.0,1,0.0,1.0,0.0,1,0.0,1,0.0,1.0,0.0
DRB160,40.4,2.8284271247461903,40.0,40,60,41773.12,2208.3389328744306,42174.0,38180,46580,0,0.0,0.0,0,0,0,0.0,0,0.0,0,0.0,57934482.32,39796.964641427374,1,0.0,1,0.0,1.0,0.0,1,0.0,1,0.0,1.0,0.0,1,0.0,1,0.0,1.0,0.0
DRB161,98.4,23.591766118106303,100.0,60,160,44196.56,2368.8477536557725,43144.0,40796,50080,0,0.0,0.0,0,0,0,0.0,0,0.0,0,0.0,1937289214.44,645967621.5057601,1,0.0,1,0.0,1.0,0.0,1,0.0,1,0.0,1.0,0.0,1,0.0,1,0.0,1.0,0.0
DRB162,110.4,21.849204907777327,110.0,60,150,44280.64,2151.6348009675557,44034.0,40812,49160,0,0.0,0.0,0,0,0,0.0,0,0.0,0,0.0,2193125871.42,773122846.9479941,1,0.0,1,0.0,1.0,0.0,1,0.0,1,0.0,1.0,0.0,1,0.0,1,0.0,1.0,0.0
DRB163,109.6,25.55186801749871,110.0,60,170,44392.64,2062.0777886710803,44096.0,40892,49128,0,0.0,0.0,0,0,0,0.0,0,0.0,0,0.0,2443981692.94,777628303.2822051,1,0.0,1,0.0,1.0,0.0,1,0.0,1,0.0,1.0,0.0,1,0.0,1,0.0,1.0,0.0
DRB164,97.8,19.927419321536004,100.0,60,150,44199.6,1927.1872704826078,43198.0,40928,49148,0,0.0,0.0,0,0,0,0.0,0,0.0,0,0.0,1829627347.76,586994938.5065205,1,0.0,1,0.0,1.0,0.0,1,0.0,1,0.0,1.0,0.0,1,0.0,1,0.0,1.0,0.0
DRB165,97,19.923322401401933,100.0,60,140,44082,1639.8276166246555,43312.0,41036,48868,0,0.0,0.0,0,0,0,0.0,0,0.0,0,0.0,3508070767.16,1139276255.757695,1,0.0,1,0.0,1.0,0.0,1,0.0,1,0.0,1.0,0.0,1,0.0,1,0.0,1.0,0.0
DRB166,102,26.72612419124244,90.0,60,170,44011.2,1414.6168732060223,43374.0,40876,47332,0,0.0,0.0,0,0,0,0.0,0,0.0,0,0.0,3259829524.24,1032991889.8040447,1,0.0,1,0.0,1.0,0.0,1,0.0,1,0.0,1.0,0.0,1,0.0,1,0.0,1.0,0.0
DRB167,115.8,29.143557414555797,115.0,70,180,43833.04,1635.7325882943592,43264.0,40872,47460,0,0.0,0.0,0,0,0,0.0,0,0.0,0,0.0,3352351563.02,1321577749.38114,1,0.0,1,0.0,1.0,0.0,1,0.0,1,0.0,1.0,0.0,1,0.0,1,0.0,1.0,0.0
DRB168,105.2,20.227280023346122,105.0,60,140,44228.8,1582.5557216872012,43320.0,41080,47400,0,0.0,0.0,0,0,0,0.0,0,0.0,0,0.0,3428606667.62,1112607046.6827593,1,0.0,1,0.0,1.0,0.0,1,0.0,1,0.0,1.0,0.0,1,0.0,1,0.0,1.0,0.0
DRB169,127,28.157719063467177,120.0,70,200,44948.08,1936.9327302807017,45176.0,41452,49600,1.72,1.069808298677089,1.0,0,5,0,0.0,0,0.0,0,0.0,4551333254.04,1985840586.3273602,1,0.0,1,0.0,1.0,0.0,1,0.0,1,0.0,1.0,0.0,1,0.0,1,0.0,1.0,0.0
DRB170,97,23.84045609754091,90.0,70,170,44963.12,2083.31529979678,44936.0,41100,49184,0,0.0,0.0,0,0,0,0.0,0,0.0,0,0.0,2098851434.02,787443844.7267148,1,0.0,1,0.0,1.0,0.0,1,0.0,1,0.0,1.0,0.0,1,0.0,1,0.0,1.0,0.0
DRB171,91,19.820624179302296,90.0,60,140,44576.96,2156.974534208619,44968.0,40984,50412,0,0.0,0.0,0,0,0,0.0,0,0.0,0,0.0,1737936567.24,661218278.1604763,1,0.0,1,0.0,1.0,0.0,1,0.0,1,0.0,1.0,0.0,1,0.0,1,0.0,1.0,0.0
DRB172,103.4,24.87601910536757,100.0,60,170,48216.56,2159.3323246233463,48554.0,43600,52944,0,0.0,0.0,0,0,0,0.0,0,0.0,0,0.0,2889543559.04,917842648.671417,1,0.0,1,0.0,1.0,0.0,1,0.0,1,0.0,1.0,0.0,1,0.0,1,0.0,1.0,0.0
DRB173,88.4,20.933324667444804,90.0,60,130,48275.36,1995.7581727457946,48344.0,43664,52520,0,0.0,0.0,0,0,0,0.0,0,0.0,0,0.0,3415572336.4,1342577941.7875586,1,0.0,1,0.0,1.0,0.0,1,0.0,1,0.0,1.0,0.0,1,0.0,1,0.0,1.0,0.0
DRB174,85.6,17.161894191635664,80.0,50,140,48293.2,1270.6226016872072,48140.0,45972,50664,0,0.0,0.0,0,0,0,0.0,0,0.0,0,0.0,3211934634.84,1023816685.7822797,1,0.0,1,0.0,1.0,0.0,1,0.0,1,0.0,1.0,0.0,1,0.0,1,0.0,1.0,0.0
DRB175,106.8,24.779846979481746,100.0,70,160,57502.16,3641.3585453111045,57466.0,51716,70712,0.54,0.6455499158682859,0.0,0,2,0,0.0,0,0.0,0,0.0,4355750261.78,1917084799.5568497,1,0.0,1,0.0,1.0,0.0,1,0.0,1,0.0,1.0,0.0,1,0.0,1,0.0,1.0,0.0
DRB176,186.8,60.55660195896338,175.0,90,410,55244.48,2736.2535555024865,55386.0,49536,60056,0,0.0,0.0,0,0,0,0.0,0,0.0,0,0.0,9098795720.36,4156736917.0686636,1,0.0,1,0.0,1.0,0.0,1,0.0,1,0.0,1.0,0.0,1,0.0,1,0.0,1.0,0.0
DRB177,203,70.22558403503116,200.0,70,450,55665.2,3720.2199847178226,55406.0,48744,64548,0.18,0.43752550946038726,0.0,0,2,0,0.0,0,0.0,0,0.0,10677013448.86,4817427825.44021,1,0.0,1,0.0,1.0,0.0,1,0.0,1,0.0,1.0,0.0,1,0.0,1,0.0,1.0,0.0
DRB178,77.2,20.2070910972422,70.0,40,120,48247.92,2021.1368778941405,47948.0,44200,52716,0,0.0,0.0,0,0,0,0.0,0,0.0,0,0.0,1940644075.88,849239475.9507295,1,0.0,1,0.0,1.0,0.0,1,0.0,1,0.0,1.0,0.0,1,0.0,1,0.0,1.0,0.0
DRB179,69.6,16.53197273313078,70.0,40,120,47981.36,2318.7279566915254,48066.0,42996,52340,0,0.0,0.0,0,0,0,0.0,0,0.0,0,0.0,1676455220.78,788771079.1935664,1,0.0,1,0.0,1.0,0.0,1,0.0,1,0.0,1.0,0.0,1,0.0,1,0.0,1.0,0.0
DRB180,900070,0.0,900070.0,900070,900070,1183552,0.0,1183552.0,1183552,1183552,0,0.0,0.0,0,0,0,0.0,0,0.0,0,0.0,12507950343411,0.0,1,0.0,1,0.0,1.0,0.0,1,0.0,1,0.0,1.0,0.0,1,0.0,1,0.0,1.0,0.0
DRB181,836.8,106.9128960740414,850.0,630,1070,175942.72,2694.784252013129,175026.0,172576,182100,4.04,0.7548482750641661,4.0,3,5,0,0.0,0,0.0,0,0.0,60957432304.12,6337377723.003956,1,0.0,1,0.0,1.0,0.0,1,0.0,1,0.0,1.0,0.0,1,0.0,1,0.0,1.0,0.0
DRB182,26.4,5.9795570104161,30.0,20,40,24545.04,1938.3323461371717,23400.0,23100,29176,0,0.0,0.0,0,0,0,0.0,0,0.0,0,0.0,48481506.38,39618.21966139275,1,0.0,1,0.0,1.0,0.0,1,0.0,1,0.0,1.0,0.0,1,0.0,1,0.0,1.0,0.0
DRB183,26.8,5.1269595556932455,30.0,20,40,23974.32,1073.4109173802083,23366.0,23064,27980,0,0.0,0.0,0,0,0,0.0,0,0.0,0,0.0,48542157.24,44507.56033348923,1,0.0,1,0.0,1.0,0.0,1,0.0,1,0.0,1.0,0.0,1,0.0,1,0.0,1.0,0.0
DRB184,34,10.690449676496975,30.0,30,100,24273.76,810.8227758749448,23812.0,23480,25860,0,0.0,0.0,0,0,0,0.0,0,0.0,0,0.0,73791269.32,1660994.673286627,1,0.0,1,0.0,1.0,0.0,1,0.0,1,0.0,1.0,0.0,1,0.0,1,0.0,1.0,0.0
DRB185,32.8,9.267014137272488,30.0,20,80,24051.28,858.7066458770827,23472.0,23192,25548,0,0.0,0.0,0,0,0,0.0,0,0.0,0,0.0,48879947.26,49427.77515783478,1,0.0,1,0.0,1.0,0.0,1,0.0,1,0.0,1.0,0.0,1,0.0,1,0.0,1.0,0.0
DRB186,28.4,4.2185208743524,30.0,20,40,23931.76,870.9622771183981,23438.0,23104,25476,0,0.0,0.0,0,0,0,0.0,0,0.0,0,0.0,48610729.52,40156.34929705312,1,0.0,1,0.0,1.0,0.0,1,0.0,1,0.0,1.0,0.0,1,0.0,1,0.0,1.0,0.0
DRB187,28.2,5.602477586036451,30.0,20,40,23693.52,693.5240454610446,23436.0,23120,25600,0,0.0,0.0,0,0,0,0.0,0,0.0,0,0.0,48586906.96,48380.58544497335,1,0.0,1,0.0,1.0,0.0,1,0.0,1,0.0,1.0,0.0,1,0.0,1,0.0,1.0,0.0
DRB188,33,5.802884574739972,30.0,30,50,24101.6,960.5709186707238,23698.0,23432,28492,0,0.0,0.0,0,0,0,0.0,0,0.0,0,0.0,74319423.12,1529529.670793709,1,0.0,1,0.0,1.0,0.0,1,0.0,1,0.0,1.0,0.0,1,0.0,1,0.0,1.0,0.0
DRB189,23.8,6.966391622992348,20.0,20,50,27262.72,1810.5518274824392,27632.0,23260,29880,0,0.0,0.0,0,0,0,0.0,0,0.0,0,0.0,48953174.58,71059.6630761325,1,0.0,1,0.0,1.0,0.0,1,0.0,1,0.0,1.0,0.0,1,0.0,1,0.0,1.0,0.0
DRB190,33,5.050762722761053,30.0,30,50,27054.8,2058.2516456290505,27660.0,23364,30116,0,0.0,0.0,0,0,0,0.0,0,0.0,0,0.0,75705471.92,866195.3877227216,1,0.0,1,0.0,1.0,0.0,1,0.0,1,0.0,1.0,0.0,1,0.0,1,0.0,1.0,0.0
DRB191,900000,0.0,900000.0,900000,900000,27452,0.0,27452.0,27452,27452,0,0.0,0.0,0,0,0,0.0,0,0.0,0,0.0,88584544,0.0,1,0.0,1,0.0,1.0,0.0,1,0.0,1,0.0,1.0,0.0,1,0.0,1,0.0,1.0,0.0
DRB192,20.4,1.979486637221574,20.0,20,30,27554.56,1355.0955408745021,27918.0,24452,30044,0,0.0,0.0,0,0,0,0.0,0,0.0,0,0.0,48288714.62,44260.191778170236,1,0.0,1,0.0,1.0,0.0,1,0.0,1,0.0,1.0,0.0,1,0.0,1,0.0,1.0,0.0
DRB193,21.4,4.952838806674205,20.0,20,40,27684.88,1375.694387039001,27636.0,24312,30096,0,0.0,0.0,0,0,0,0.0,0,0.0,0,0.0,48309678.6,37210.57027517963,1,0.0,1,0.0,1.0,0.0,1,0.0,1,0.0,1.0,0.0,1,0.0,1,0.0,1.0,0.0
DRB194,91.2,26.774950218136233,90.0,50,160,48140.08,2093.159547533004,48072.0,43332,52852,0,0.0,0.0,0,0,0,0.0,0,0.0,0,0.0,2673645989.72,985327297.1616043,1,0.0,1,0.0,1.0,0.0,1,0.0,1,0.0,1.0,0.0,1,0.0,1,0.0,1.0,0.0
DRB195,84.8,22.967590297670164,80.0,40,160,47155.04,2826.0954889481463,47826.0,40876,52448,0,0.0,0.0,0,0,0,0.0,0,0.0,0,0.0,2283069382.74,990437486.7971501,1,0.0,1,0.0,1.0,0.0,1,0.0,1,0.0,1.0,0.0,1,0.0,1,0.0,1.0,0.0
DRB196,117,25.57501969995451,110.0,80,190,44335.04,2196.6189321457705,43700.0,41276,47892,0,0.0,0.0,0,0,0,0.0,0,0.0,0,0.0,3817349559.7,1087075820.62361,1,0.0,1,0.0,1.0,0.0,1,0.0,1,0.0,1.0,0.0,1,0.0,1,0.0,1.0,0.0
DRB197,116.6,24.711395371862142,110.0,80,190,45560.8,2161.878095073629,45778.0,41192,49196,0,0.0,0.0,0,0,0,0.0,0,0.0,0,0.0,4200481247.52,1400780184.0263844,1,0.0,1,0.0,1.0,0.0,1,0.0,1,0.0,1.0,0.0,1,0.0,1,0.0,1.0,0.0
DRB198,900000,0.0,900000.0,900000,900000,27256,0.0,27256.0,27256,27256,0,0.0,0.0,0,0,0,0.0,0,0.0,0,0.0,10577145402890,0.0,1,0.0,1,0.0,1.0,0.0,1,0.0,1,0.0,1.0,0.0,1,0.0,1,0.0,1.0,0.0
DRB199,900000,0.0,900000.0,900000,900000,32128,0.0,32128.0,32128,32128,0,0.0,0.0,0,0,0,0.0,0,0.0,0,0.0,9657217583130,0.0,1,0.0,1,0.0,1.0,0.0,1,0.0,1,0.0,1.0,0.0,1,0.0,1,0.0,1.0,0.0
DRB200,22.4,4.763809143009447,20.0,20,40,26610.64,2185.4214720763234,26814.0,23156,29880,0,0.0,0.0,0,0,0,0.0,0,0.0,0,0.0,48499722.02,47558.46143152957,1,0.0,1,0.0,1.0,0.0,1,0.0,1,0.0,1.0,0.0,1,0.0,1,0.0,1.0,0.0
DRB201,20.4,2.8284271247461903,20.0,20,40,27460.08,1350.990443024249,27394.0,24668,29896,0,0.0,0.0,0,0,0,0.0,0,0.0,0,0.0,48549460.54,40813.87045201518,1,0.0,1,0.0,1.0,0.0,1,0.0,1,0.0,1.0,0.0,1,0.0,1,0.0,1.0,0.0
DRB202,81,28.37432009434458,80.0,40,180,47866.96,1739.0917282258786,48088.0,43068,52248,0,0.0,0.0,0,0,0,0.0,0,0.0,0,0.0,1790649227.08,874589920.454432,1,0.0,1,0.0,1.0,0.0,1,0.0,1,0.0,1.0,0.0,1,0.0,1,0.0,1.0,0.0
DRB203,72,19.79486637221574,70.0,40,140,48089.28,2082.186988407592,47786.0,43388,53156,0,0.0,0.0,0,0,0,0.0,0,0.0,0,0.0,1636826166.72,665789583.6939375,1,0.0,1,0.0,1.0,0.0,1,0.0,1,0.0,1.0,0.0,1,0.0,1,0.0,1.0,0.0
DRB204,75.2,17.87028088127073,70.0,40,120,48075.84,2070.6267547655757,48116.0,43696,52892,0,0.0,0.0,0,0,0,0.0,0,0.0,0,0.0,1829814222.82,809306472.1957942,1,0.0,1,0.0,1.0,0.0,1,0.0,1,0.0,1.0,0.0,1,0.0,1,0.0,1.0,0.0
DRB205,79.4,17.427400429045225,80.0,60,140,49200.08,1678.8303975308136,49160.0,46064,53972,0,0.0,0.0,0,0,0,0.0,0,0.0,0,0.0,1943698368.22,624994829.5724841,1,0.0,1,0.0,1.0,0.0,1,0.0,1,0.0,1.0,0.0,1,0.0,1,0.0,1.0,0.0
DRB206,71.6,15.301060387423867,70.0,40,110,48801.44,1816.685433891703,48984.0,44240,53264,0,0.0,0.0,0,0,0,0.0,0,0.0,0,0.0,1844334258.08,723884290.8351412,1,0.0,1,0.0,1.0,0.0,1,0.0,1,0.0,1.0,0.0,1,0.0,1,0.0,1.0,0.0
DRB207,68.6,15.254306852525959,70.0,40,120,47359.52,2357.9697444874832,47604.0,41224,52216,0,0.0,0.0,0,0,0,0.0,0,0.0,0,0.0,1737255206.08,730533967.1095204,1,0.0,1,0.0,1.0,0.0,1,0.0,1,0.0,1.0,0.0,1,0.0,1,0.0,1.0,0.0
DRB208,72.6,17.93525771734979,70.0,40,130,47524.24,2306.036572979355,47878.0,43292,52784,0,0.0,0.0,0,0,0,0.0,0,0.0,0,0.0,1674390226.14,710906191.965773,1,0.0,1,0.0,1.0,0.0,1,0.0,1,0.0,1.0,0.0,1,0.0,1,0.0,1.0,0.0
DRACC_OMP_001,10.4,2.8284271247461903,10.0,10,30,26489.44,1438.862307944888,26742.0,23184,28748,0,0.0,0.0,0,0,0,0.0,0,0.0,0,0.0,36917679.34,2069.066393130891,1,0.0,1,0.0,1.0,0.0,1,0.0,1,0.0,1.0,0.0,1,0.0,1,0.0,1.0,0.0
DRACC_OMP_002,1335.4,11.286618408630675,1330.0,1330,1380,200169.52,1454.533886206316,200078.0,197432,202744,0,0.0,0.0,0,0,0,0.0,0,0.0,0,0.0,10999485463.78,33552.3523213731,1,0.0,1,0.0,1.0,0.0,1,0.0,1,0.0,1.0,0.0,1,0.0,1,0.0,1.0,0.0
DRACC_OMP_003,119.6,22.674268433173136,120.0,80,170,46799.84,2454.995069283049,47206.0,43532,50888,1.8,0.45175395145262565,2.0,1,3,0,0.0,0,0.0,0,0.0,2794178267.66,782898295.4813664,1,0.0,1,0.0,1.0,0.0,1,0.0,1,0.0,1.0,0.0,1,0.0,1,0.0,1.0,0.0
DRACC_OMP_004,125.6,21.204543217462255,130.0,80,170,44690.96,2020.606950237215,43826.0,41472,49792,1.62,0.49031435147801467,2.0,1,2,0,0.0,0,0.0,0,0.0,2682118670.82,668883245.6051702,1,0.0,1,0.0,1.0,0.0,1,0.0,1,0.0,1.0,0.0,1,0.0,1,0.0,1.0,0.0
DRACC_OMP_005,40.2,1.4142135623730951,40.0,40,50,41544.24,1869.066323279173,40556.0,38152,46304,0,0.0,0.0,0,0,0,0.0,0,0.0,0,0.0,63486592.72,39550.88334731164,1,0.0,1,0.0,1.0,0.0,1,0.0,1,0.0,1.0,0.0,1,0.0,1,0.0,1.0,0.0
DRACC_OMP_006,850.8,87.80404899780056,830.0,690,1060,46313.84,2224.3692557942013,46310.0,41720,50480,2.88,0.32826072265931594,3.0,2,3,0,0.0,0,0.0,0,0.0,22316994617.14,1944883368.101805,1,0.0,1,0.0,1.0,0.0,1,0.0,1,0.0,1.0,0.0,1,0.0,1,0.0,1.0,0.0
DRACC_OMP_007,70,3.499271061118826,70.0,60,90,42347.84,2542.250709067676,42362.0,38072,50060,0,0.0,0.0,0,0,0,0.0,0,0.0,0,0.0,339776016.24,107647.913579326,1,0.0,1,0.0,1.0,0.0,1,0.0,1,0.0,1.0,0.0,1,0.0,1,0.0,1.0,0.0
DRACC_OMP_008,854.4,89.74248874259219,840.0,680,1110,46195.6,2404.5261063083444,46078.0,41940,51292,2.94,0.23989793748209523,3.0,2,3,0,0.0,0,0.0,0,0.0,22212244985.02,1620888026.0842724,1,0.0,1,0.0,1.0,0.0,1,0.0,1,0.0,1.0,0.0,1,0.0,1,0.0,1.0,0.0
DRACC_OMP_009,1218.4,28.525677655654135,1210.0,1170,1290,87060,2596.0188043720063,87476.0,80940,92460,1.96,0.9026039427960751,2.0,1,4,0,0.0,0,0.0,0,0.0,96741186119.92,3291976715.8022766,1,0.0,1,0.0,1.0,0.0,1,0.0,1,0.0,1.0,0.0,1,0.0,1,0.0,1.0,0.0
DRACC_OMP_010,1219,29.364006844420665,1220.0,1160,1290,87279.04,2364.8366294697043,87598.0,82440,91852,1.74,0.750781905341195,2.0,1,4,0,0.0,0,0.0,0,0.0,96271609549.52,3105114407.0373683,1,0.0,1,0.0,1.0,0.0,1,0.0,1,0.0,1.0,0.0,1,0.0,1,0.0,1.0,0.0
DRACC_OMP_011,54687.878787878784,218038.52146406344,150,140,900000,44984.48484848485,2257.995960487033,45300,40196,49868,0,0.0,0,0,0,0,0.0,0,0.0,0,0.0,1305664665.3030303,568817.959052778,1,0.0,1,0.0,1.0,0.0,1,0.0,1,0.0,1.0,0.0,1,0.0,1,0.0,1.0,0.0
DRACC_OMP_012,2801.6,65.3205596286811,2790.0,2670,2980,94854.24,2921.4320402354538,94394.0,90208,102344,5,0.0,5.0,5,5,0,0.0,0,0.0,0,0.0,250045175271.76,6782112839.744027,1,0.0,1,0.0,1.0,0.0,1,0.0,1,0.0,1.0,0.0,1,0.0,1,0.0,1.0,0.0
DRACC_OMP_013,339.4,29.305568183036687,335.0,290,430,51790.8,2927.1274767775526,51950.0,47916,59736,4.14,0.7561988724494884,4.0,2,5,0,0.0,0,0.0,0,0.0,19186086345.5,3218985681.770738,1,0.0,1,0.0,1.0,0.0,1,0.0,1,0.0,1.0,0.0,1,0.0,1,0.0,1.0,0.0
DRACC_OMP_014,574.4,11.095135907970057,570.0,560,620,43161.68,2914.7086628662832,42560.0,38188,50020,0,0.0,0.0,0,0,0,0.0,0,0.0,0,0.0,6085150829,290074.09352608444,1,0.0,1,0.0,1.0,0.0,1,0.0,1,0.0,1.0,0.0,1,0.0,1,0.0,1.0,0.0
DRACC_OMP_015,104,21.946130708196023,105.0,60,180,44696.08,2418.570262762355,44684.0,41032,49868,0.02,0.1414213562373095,0.0,0,1,0,0.0,0,0.0,0,0.0,1966729484.96,793008945.3108758,1,0.0,1,0.0,1.0,0.0,1,0.0,1,0.0,1.0,0.0,1,0.0,1,0.0,1.0,0.0
DRACC_OMP_016,100.8,20.287726258373407,100.0,50,140,44587.36,1725.3884952647147,44790.0,42884,49656,0,0.0,0.0,0,0,0,0.0,0,0.0,0,0.0,1872127847.88,634096214.6584454,1,0.0,1,0.0,1.0,0.0,1,0.0,1,0.0,1.0,0.0,1,0.0,1,0.0,1.0,0.0
DRACC_OMP_017,40.6,3.136356914300021,40.0,40,60,42143.04,2056.8878508612006,42194.0,38304,46660,0,0.0,0.0,0,0,0,0.0,0,0.0,0,0.0,58728970.36,125828.86519894992,1,0.0,1,0.0,1.0,0.0,1,0.0,1,0.0,1.0,0.0,1,0.0,1,0.0,1.0,0.0
DRACC_OMP_018,120.4,21.472336260635355,120.0,80,170,45126.4,1959.6969361696347,45308.0,41360,49696,1.22,0.5066899385990914,1.0,0,3,0,0.0,0,0.0,0,0.0,2910828667.34,876076106.3423575,1,0.0,1,0.0,1.0,0.0,1,0.0,1,0.0,1.0,0.0,1,0.0,1,0.0,1.0,0.0
DRACC_OMP_019,119.8,22.084254248542912,120.0,80,170,44576.32,1936.380944136852,43716.0,40976,49440,1.12,0.47979587496419046,1.0,0,3,0,0.0,0,0.0,0,0.0,2978023113.9,925912271.4990729,1,0.0,1,0.0,1.0,0.0,1,0.0,1,0.0,1.0,0.0,1,0.0,1,0.0,1.0,0.0
DRACC_OMP_020,45.2,8.86174995386904,40.0,40,80,41882.32,2224.093095981334,42142.0,38100,46552,0,0.0,0.0,0,0,0,0.0,0,0.0,0,0.0,63471997.36,74158.37015655021,1,0.0,1,0.0,1.0,0.0,1,0.0,1,0.0,1.0,0.0,1,0.0,1,0.0,1.0,0.0
DRACC_OMP_022,449.6,22.584083251850863,450.0,420,570,351276.16,1337.791286000159,351622.0,347784,355492,0,0.0,0.0,0,0,0,0.0,0,0.0,0,0.0,12277982324.98,941465591.1590639,1,0.0,1,0.0,1.0,0.0,1,0.0,1,0.0,1.0,0.0,1,0.0,1,0.0,1.0,0.0
DRACC_OMP_023,98.2,21.636137570730867,90.0,60,150,44851.52,1564.1384436872613,45366.0,41416,47808,0,0.0,0.0,0,0,0,0.0,0,0.0,0,0.0,2136390185.72,779485429.9465116,1,0.0,1,0.0,1.0,0.0,1,0.0,1,0.0,1.0,0.0,1,0.0,1,0.0,1.0,0.0
DRACC_OMP_024,103.4,24.041630560342615,100.0,60,170,45226.16,1412.9948995387242,45442.0,41588,47892,0,0.0,0.0,0,0,0,0.0,0,0.0,0,0.0,2082964766.36,642979562.8733867,1,0.0,1,0.0,1.0,0.0,1,0.0,1,0.0,1.0,0.0,1,0.0,1,0.0,1.0,0.0
DRACC_OMP_025,91.2,19.86073965369459,90.0,50,140,44643.36,1897.815089162551,45386.0,41440,49796,0,0.0,0.0,0,0,0,0.0,0,0.0,0,0.0,1790691341.7,700162200.8376994,1,0.0,1,0.0,1.0,0.0,1,0.0,1,0.0,1.0,0.0,1,0.0,1,0.0,1.0,0.0
DRACC_OMP_026,95.2,20.024474820497407,95.0,60,170,45104.48,1665.382204584563,45470.0,41404,47876,0,0.0,0.0,0,0,0,0.0,0,0.0,0,0.0,1946154768.96,750434142.1834033,1,0.0,1,0.0,1.0,0.0,1,0.0,1,0.0,1.0,0.0,1,0.0,1,0.0,1.0,0.0
DRACC_OMP_027,95,20.429070922964417,90.0,50,150,44957.84,1824.0637672347905,45342.0,41528,49668,0,0.0,0.0,0,0,0,0.0,0,0.0,0,0.0,1935413884.1,616250017.84948,1,0.0,1,0.0,1.0,0.0,1,0.0,1,0.0,1.0,0.0,1,0.0,1,0.0,1.0,0.0
DRACC_OMP_028,96.2,23.72375026277701,100.0,50,150,44653.76,1593.673033323604,45398.0,41396,47744,0,0.0,0.0,0,0,0,0.0,0,0.0,0,0.0,1834358259.58,653109750.1663418,1,0.0,1,0.0,1.0,0.0,1,0.0,1,0.0,1.0,0.0,1,0.0,1,0.0,1.0,0.0
DRACC_OMP_029,102,19.897697538834457,100.0,70,160,44542.88,1577.7922141462127,45142.0,41436,47884,0,0.0,0.0,0,0,0,0.0,0,0.0,0,0.0,2136583163.16,708457122.21957,1,0.0,1,0.0,1.0,0.0,1,0.0,1,0.0,1.0,0.0,1,0.0,1,0.0,1.0,0.0
DRACC_OMP_030,99.4,25.0232544906957,100.0,50,170,45114.48,1878.2317155087273,45546.0,41412,47720,0,0.0,0.0,0,0,0,0.0,0,0.0,0,0.0,2050546449.28,924457382.1768861,1,0.0,1,0.0,1.0,0.0,1,0.0,1,0.0,1.0,0.0,1,0.0,1,0.0,1.0,0.0
DRACC_OMP_031,97.4,20.284708224549398,100.0,70,140,44995.92,1929.5198497585468,45520.0,41460,49744,0,0.0,0.0,0,0,0,0.0,0,0.0,0,0.0,2019072677,752788323.4753809,1,0.0,1,0.0,1.0,0.0,1,0.0,1,0.0,1.0,0.0,1,0.0,1,0.0,1.0,0.0
DRACC_OMP_032,98.4,24.35787598393956,90.0,60,160,45092.16,1555.6072029262139,45364.0,41416,47760,0,0.0,0.0,0,0,0,0.0,0,0.0,0,0.0,1943738093.36,769387530.5737265,1,0.0,1,0.0,1.0,0.0,1,0.0,1,0.0,1.0,0.0,1,0.0,1,0.0,1.0,0.0
DRACC_OMP_033,99.4,18.99624022950707,100.0,70,160,44942,1628.3625429948245,45448.0,41584,47752,0,0.0,0.0,0,0,0,0.0,0,0.0,0,0.0,1819722857.44,658647098.1785998,1,0.0,1,0.0,1.0,0.0,1,0.0,1,0.0,1.0,0.0,1,0.0,1,0.0,1.0,0.0
DRACC_OMP_034,112.2,17.29574679344194,110.0,90,170,49493.36,2604.609742086409,49094.0,44832,56348,1.88,0.32826072265931594,2.0,1,2,0,0.0,0,0.0,0,0.0,5592237155.2,1372873306.6910684,1,0.0,1,0.0,1.0,0.0,1,0.0,1,0.0,1.0,0.0,1,0.0,1,0.0,1.0,0.0
DRACC_OMP_035,61.6,4.677344441069971,60.0,60,80,27979.36,1578.5818197460192,28172.0,23876,30668,0,0.0,0.0,0,0,0,0.0,0,0.0,0,0.0,289951275.84,6015.427653245326,1,0.0,1,0.0,1.0,0.0,1,0.0,1,0.0,1.0,0.0,1,0.0,1,0.0,1.0,0.0
DRACC_OMP_036,61,4.164965639175215,60.0,60,80,45575.92,2250.903708218872,45868.0,39200,50584,0,0.0,0.0,0,0,0,0.0,0,0.0,0,0.0,177557769.3,34255.57903093886,1,0.0,1,0.0,1.0,0.0,1,0.0,1,0.0,1.0,0.0,1,0.0,1,0.0,1.0,0.0
DRACC_OMP_037,40.4,2.8284271247461903,40.0,40,60,44987.68,2675.3459241521555,45150.0,40148,50344,0,0.0,0.0,0,0,0,0.0,0,0.0,0,0.0,70052792.32,52684.10954344114,1,0.0,1,0.0,1.0,0.0,1,0.0,1,0.0,1.0,0.0,1,0.0,1,0.0,1.0,0.0
DRACC_OMP_038,40.4,2.8284271247461903,40.0,40,60,44626.96,2656.334477340947,45320.0,38156,49808,0,0.0,0.0,0,0,0,0.0,0,0.0,0,0.0,70209068.66,34926.08778175969,1,0.0,1,0.0,1.0,0.0,1,0.0,1,0.0,1.0,0.0,1,0.0,1,0.0,1.0,0.0
DRACC_OMP_039,118.4,19.310565998532343,120.0,90,170,48302.8,2388.0727093843107,48552.0,43644,53484,6.08,0.39589732744431483,6.0,6,8,0,0.0,0,0.0,0,0.0,4433598830.54,1347937654.145583,1,0.0,1,0.0,1.0,0.0,1,0.0,1,0.0,1.0,0.0,1,0.0,1,0.0,1.0,0.0
DRACC_OMP_040,90.4,25.149349811046157,90.0,40,160,48498.08,1707.455964591886,48606.0,44824,52632,0.06,0.2398979374820952,0.0,0,1,0,0.0,0,0.0,0,0.0,1773885554.64,657420861.0902652,1,0.0,1,0.0,1.0,0.0,1,0.0,1,0.0,1.0,0.0,1,0.0,1,0.0,1.0,0.0
DRACC_OMP_041,98.8,26.23597779028342,90.0,60,170,48075.2,2336.431467002617,48054.0,43436,52984,0.06,0.2398979374820952,0.0,0,1,0,0.0,0,0.0,0,0.0,1985704698.96,893506632.4931808,1,0.0,1,0.0,1.0,0.0,1,0.0,1,0.0,1.0,0.0,1,0.0,1,0.0,1.0,0.0
DRACC_OMP_042,40.8,2.740475156178697,40.0,40,50,46141.36,2387.50770709302,45996.0,40812,50924,0,0.0,0.0,0,0,0,0.0,0,0.0,0,0.0,64485462.52,31164.493953817877,1,0.0,1,0.0,1.0,0.0,1,0.0,1,0.0,1.0,0.0,1,0.0,1,0.0,1.0,0.0
DRACC_OMP_043,98.2,25.53029413005943,90.0,50,160,49201.6,2386.5586871784526,49544.0,43568,53540,0.48,0.5046720495044484,0.0,0,1,0,0.0,0,0.0,0,0.0,2337301074.88,1108928494.8436205,1,0.0,1,0.0,1.0,0.0,1,0.0,1,0.0,1.0,0.0,1,0.0,1,0.0,1.0,0.0
DRACC_OMP_044,102.6,21.074212891104423,100.0,70,180,46662.4,3269.4747003649577,47370.0,41340,53648,0.46,0.5034574339058885,0.0,0,1,0,0.0,0,0.0,0,0.0,2462749933.94,985718675.9269316,1,0.0,1,0.0,1.0,0.0,1,0.0,1,0.0,1.0,0.0,1,0.0,1,0.0,1.0,0.0
DRACC_OMP_045,40.4,2.8284271247461903,40.0,40,60,42045.12,2754.0776495211308,40956.0,38572,47720,0,0.0,0.0,0,0,0,0.0,0,0.0,0,0.0,64824204.34,35472.65339500332,1,0.0,1,0.0,1.0,0.0,1,0.0,1,0.0,1.0,0.0,1,0.0,1,0.0,1.0,0.0
DRACC_OMP_046,120.4,20.40008003185582,120.0,80,170,44882.24,2422.930074374026,43816.0,41412,49912,1.64,0.48487322138506117,2.0,1,2,0,0.0,0,0.0,0,0.0,2979185686.76,872839090.7311931,1,0.0,1,0.0,1.0,0.0,1,0.0,1,0.0,1.0,0.0,1,0.0,1,0.0,1.0,0.0
DRACC_OMP_047,819,96.87462968987815,810.0,630,1030,46098.64,2902.6209813946866,46050.0,41640,52472,2.86,0.35050983275386566,3.0,2,3,0,0.0,0,0.0,0,0.0,21220560004.06,1820204360.5408437,1,0.0,1,0.0,1.0,0.0,1,0.0,1,0.0,1.0,0.0,1,0.0,1,0.0,1.0,0.0
DRACC_OMP_048,114.8,16.066189622296626,120.0,80,150,48844.4,2067.4162915216134,48976.0,43704,53632,1.8,0.45175395145262565,2.0,1,3,0,0.0,0,0.0,0,0.0,2235185875.3,666609017.0114939,1,0.0,1,0.0,1.0,0.0,1,0.0,1,0.0,1.0,0.0,1,0.0,1,0.0,1.0,0.0
DRACC_OMP_049,100.8,18.718102119039088,100.0,70,150,48608.16,2245.2124426550513,48548.0,43564,54320,0,0.0,0.0,0,0,0,0.0,0,0.0,0,0.0,2036558888.82,599287246.5825658,1,0.0,1,0.0,1.0,0.0,1,0.0,1,0.0,1.0,0.0,1,0.0,1,0.0,1.0,0.0
DRACC_OMP_050,93,17.6415557646121,90.0,60,140,48844.4,2105.2320827996564,48646.0,44628,54084,0,0.0,0.0,0,0,0,0.0,0,0.0,0,0.0,1690407133.42,569783978.546037,1,0.0,1,0.0,1.0,0.0,1,0.0,1,0.0,1.0,0.0,1,0.0,1,0.0,1.0,0.0
DRACC_OMP_051,95.4,20.02141710411985,90.0,50,150,48590.48,2234.000404143716,48680.0,44568,52368,0,0.0,0.0,0,0,0,0.0,0,0.0,0,0.0,1896192088.94,606394743.2634593,1,0.0,1,0.0,1.0,0.0,1,0.0,1,0.0,1.0,0.0,1,0.0,1,0.0,1.0,0.0
DRACC_OMP_052,91.8,20.965472100769954,90.0,60,140,48210.24,2090.4808406933853,48098.0,42940,53128,0,0.0,0.0,0,0,0,0.0,0,0.0,0,0.0,1773153348.72,561206150.5734223,1,0.0,1,0.0,1.0,0.0,1,0.0,1,0.0,1.0,0.0,1,0.0,1,0.0,1.0,0.0
DRACC_OMP_053,96.8,24.862068477493818,95.0,50,150,47625.68,1688.2762304208638,47542.0,44580,52448,0,0.0,0.0,0,0,0,0.0,0,0.0,0,0.0,2188396731.82,846308557.5747073,1,0.0,1,0.0,1.0,0.0,1,0.0,1,0.0,1.0,0.0,1,0.0,1,0.0,1.0,0.0
DRACC_OMP_054,40.6,4.242640687119285,40.0,40,70,45213.36,2077.2452102901743,45248.0,40440,50104,0,0.0,0.0,0,0,0,0.0,0,0.0,0,0.0,67978689.12,151919.38889513418,1,0.0,1,0.0,1.0,0.0,1,0.0,1,0.0,1.0,0.0,1,0.0,1,0.0,1.0,0.0
DRACC_OMP_055,92.6,18.273433375995296,90.0,50,130,48161.76,2148.343781253126,48060.0,43032,52800,0,0.0,0.0,0,0,0,0.0,0,0.0,0,0.0,1881552226.4,643229667.5052949,1,0.0,1,0.0,1.0,0.0,1,0.0,1,0.0,1.0,0.0,1,0.0,1,0.0,1.0,0.0
DRACC_OMP_056,1344.2,210.57830963752158,1390.0,900,1690,86644.4,1706.4394247098494,86642.0,83152,91536,0,0.0,0.0,0,0,0,0.0,0,0.0,0,0.0,77985553957.18,5809608382.996827,1,0.0,1,0.0,1.0,0.0,1,0.0,1,0.0,1.0,0.0,1,0.0,1,0.0,1.0,0.0
iris,80.4,11.77337015887801,80.0,70,130,33144.64,2582.858705435684,33478.0,26864,37772,13.72,2.2771267251624314,13.0,10,23,0,0.0,0,0.0,0,0.0,455391479.28,15325446.556651797,1,0.0,1,0.0,1.0,0.0,1,0.0,1,0.0,1.0,0.0,1,0.0,1,0.0,1.0,0.0
dc.S.x,292.4,14.785541751926413,290.0,260,360,185971.28,2859.6537184400063,185940.0,179744,191424,0,0.0,0.0,0,0,0,0.0,0,0.0,0,0.0,2800036944.32,462680726.0758931,1,0.0,1,0.0,1.0,0.0,1,0.0,1,0.0,1.0,0.0,1,0.0,1,0.0,1.0,0.0
is.W.x,325,50.43686698259923,330.0,240,470,123609.12,2467.647980716596,123504.0,119916,129864,14.96,2.962073184615871,15.0,7,21,0,0.0,0,0.0,0,0.0,25821147564.12,2719550070.9753404,1,0.0,1,0.0,1.0,0.0,1,0.0,1,0.0,1.0,0.0,1,0.0,1,0.0,1.0,0.0
miniFE,180.6,41.276074010427465,175.0,120,300,49567.76,2370.1631611794674,48246.0,45908,56332,0,0.0,0.0,0,0,0,0.0,0,0.0,0,0.0,8310977464.88,1933443836.3292086,1,0.0,1,0.0,1.0,0.0,1,0.0,1,0.0,1.0,0.0,1,0.0,1,0.0,1.0,0.0
miniAMR,0.4,1.979486637221574,0.0,0,10,2107.36,55.26254959513814,2104.0,2024,2232,0,0.0,0.0,0,0,0,0.0,0,0.0,0,0.0,4784945.62,1576.1407127952161,1,0.0,1,0.0,1.0,0.0,1,0.0,1,0.0,1.0,0.0,1,0.0,1,0.0,1.0,0.0
HPCCG_64_64_64,1428.8,118.86607109323862,1435.0,1180,1700,383958.72,4235.912040866663,383898.0,376752,399468,1.22,2.5418135900436543,1.0,0,11,0,0.0,0,0.0,0,0.0,175948769022.36,8800675398.904146,1,0.0,1,0.0,1.0,0.0,1,0.0,1,0.0,1.0,0.0,1,0.0,1,0.0,1.0,0.0
kripke_groups_8_niter_1,764.4,102.72133891936843,760.0,560,1010,291763.52,2553.3392481059714,292108.0,287136,301372,0.06,0.31363569143000214,0.0,0,2,0,0.0,0,0.0,0,0.0,48225143530,6711834194.651938,1,0.0,1,0.0,1.0,0.0,1,0.0,1,0.0,1.0,0.0,1,0.0,1,0.0,1.0,0.0
lulesh_size_3,2167.94,193.6307668671253,2215.0,1450,2480,93947.28,1963.1229913542538,93900.0,90560,102236,0.1,0.3642156795423418,0.0,0,2,0,0.0,0,0.0,0,0.0,179571336142.78,17119976239.197529,1,0.0,1,0.0,1.0,0.0,1,0.0,1,0.0,1.0,0.0,1,0.0,1,0.0,1.0,0.0
xsbench_small,24.6,5.42481072744215,20.0,20,40,23226.72,765.3745259008555,22822.0,22592,24708,0,0.0,0.0,0,0,0,0.0,0,0.0,0,0.0,47828197.42,30044.936829104798,1,0.0,1,0.0,1.0,0.0,1,0.0,1,0.0,1.0,0.0,1,0.0,1,0.0,1.0,0.0
rsbench_small,2644.8,75.62636404571828,2650.0,2500,2800,179339.92,2523.688843979085,179560.0,171800,184044,0,0.0,0.0,0,0,0,0.0,0,0.0,0,0.0,879001688028.66,4413853262.266449,1,0.0,1,0.0,1.0,0.0,1,0.0,1,0.0,1.0,0.0,1,0.0,1,0.0,1.0,0.0
quicksilver_N_1,900040,0.0,900040.0,900040,900040,1071284,0.0,1071284.0,1071284,1071284,0,0.0,0.0,0,0,0,0.0,0,0.0,0,0.0,306422873014,0.0,1,0.0,1,0.0,1.0,0.0,1,0.0,1,0.0,1.0,0.0,1,0.0,1,0.0,1.0,0.0
CoMD_N_1,838.4,122.99593489217439,805.0,700,1390,134750.88,2321.1937871601804,134958.0,130676,141732,0,0.0,0.0,0,0,0,0.0,0,0.0,0,0.0,85638165910.32,7023573319.128111,1,0.0,1,0.0,1.0,0.0,1,0.0,1,0.0,1.0,0.0,1,0.0,1,0.0,1.0,0.0
AMG,519.4,153.7876882628271,490.0,480,1580,54087.2,1344.9899172674197,53814.0,50288,57736,0,0.0,0.0,0,0,0,0.0,0,0.0,0,0.0,503856883.92,856127.2490868956,1,0.0,1,0.0,1.0,0.0,1,0.0,1,0.0,1.0,0.0,1,0.0,1,0.0,1.0,0.0
graphchi_pagerank_facebook,900010,0.0,900010.0,900010,900010,39316,0.0,39316.0,39316,39316,0,0.0,0.0,0,0,0,0.0,0,0.0,0,0.0,3459149710,0.0,1,0.0,1,0.0,1.0,0.0,1,0.0,1,0.0,1.0,0.0,1,0.0,1,0.0,1.0,0.0
