name,duration,duration_stdev,duration_median,duration_min,duration_max,memory,memory_stdev,memory_median,memory_min,memory_max,num_warnings,num_warnings_stdev,num_warnings_median,num_warnings_min,num_warnings_max,num_locks_mean,num_locks_stdev,num_locks_median,num_locks_max,num_locks_min,num_accesses_mean,num_accesses_stdev,num_accesses_median,num_accesses_max,num_accesses_min,num_atomic_stores_mean,num_atomic_stores_stdev,num_atomic_stores_median,num_atomic_stores_max,num_atomic_stores_min,uclock_acquires_rate,uclock_acquires_rate_stdev,uclock_acquires_rate_median,uclock_acquires_rate_min,uclock_acquires_rate_max,uclock_releases_rate,uclock_releases_rate_stdev,uclock_releases_rate_median,uclock_releases_rate_min,uclock_releases_rate_max,uclock_incs_rate,uclock_incs_rate_stdev,uclock_incs_rate_median,uclock_incs_rate_min,uclock_incs_rate_max,context_switches,context_switches_stdev,migrations,migrations_stdev,page_faults,page_faults_stdev,instructions,instructions_stdev,branches,branches_stdev,branch_misses,branch_misses_stdev,branch_miss_rate,branch_miss_rate_stdev,l1_loads,l1_loads_stdev,l1_load_misses,l1_load_misses_stdev,l1_miss_rate,l1_miss_rate_stdev,llc_loads,llc_loads_stdev,llc_load_misses,llc_load_misses_stdev,llc_miss_rate,llc_miss_rate_stdev
OmpSCR-fft,180.8,101.7367551425677,160.0,70,680,51862,2615.9252626158564,51290.0,46140,58832,14.18,23.74755841370318,0.0,0,76,0,0.0,0.0,0,0,0,0.0,0.0,0,0,0,0.0,0.0,0,0,0,0.0,0.0,0,0,0,0.0,0.0,0,0,0,0.0,0.0,0,0,0,0.0,0,0.0,0,0.0,4941920645.5,3132341127.3753834,1,0.0,1,0.0,1.0,0.0,1,0.0,1,0.0,1.0,0.0,1,0.0,1,0.0,1.0,0.0
OmpSCR-fft6,835.2,95.81529851005752,820.0,690,1120,492647.84,3540.262733015095,492682.0,483640,500064,0,0.0,0.0,0,0,0,0.0,0.0,0,0,0,0.0,0.0,0,0,0,0.0,0.0,0,0,0,0.0,0.0,0,0,0,0.0,0.0,0,0,0,0.0,0.0,0,0,0,0.0,0,0.0,0,0.0,155295378488.44,4354992600.8266115,1,0.0,1,0.0,1.0,0.0,1,0.0,1,0.0,1.0,0.0,1,0.0,1,0.0,1.0,0.0
DRB001,113.6,36.40811750706377,110.0,60,220,48118.32,1973.8975992297317,47900.0,44300,53076,0.02,0.1414213562373095,0.0,0,1,0,0.0,0.0,0,0,0,0.0,0.0,0,0,0,0.0,0.0,0,0,0,0.0,0.0,0,0,0,0.0,0.0,0,0,0,0.0,0.0,0,0,0,0.0,0,0.0,0,0.0,2356805947.48,1092665245.7277594,1,0.0,1,0.0,1.0,0.0,1,0.0,1,0.0,1.0,0.0,1,0.0,1,0.0,1.0,0.0
DRB002,124.6,38.92483599378239,120.0,60,220,47275.2,2493.3135726235023,47530.0,43052,53132,0.06,0.2398979374820952,0.0,0,1,0,0.0,0.0,0,0,0,0.0,0.0,0,0,0,0.0,0.0,0,0,0,0.0,0.0,0,0,0,0.0,0.0,0,0,0,0.0,0.0,0,0,0,0.0,0,0.0,0,0.0,2517104529.58,1125801711.532939,1,0.0,1,0.0,1.0,0.0,1,0.0,1,0.0,1.0,0.0,1,0.0,1,0.0,1.0,0.0
DRB003,128.6,39.019095272934855,130.0,60,220,47553.44,2298.9093080264415,47968.0,40752,52260,0.1,0.30304576336566325,0.0,0,1,0,0.0,0.0,0,0,0,0.0,0.0,0,0,0,0.0,0.0,0,0,0,0.0,0.0,0,0,0,0.0,0.0,0,0,0,0.0,0.0,0,0,0,0.0,0,0.0,0,0.0,2441575830.72,1160239907.6739407,1,0.0,1,0.0,1.0,0.0,1,0.0,1,0.0,1.0,0.0,1,0.0,1,0.0,1.0,0.0
DRB004,129.4,29.305568183036687,125.0,70,190,45688.8,2275.164080200972,46018.0,40812,49896,0.08,0.27404751561786966,0.0,0,1,0,0.0,0.0,0,0,0,0.0,0.0,0,0,0,0.0,0.0,0,0,0,0.0,0.0,0,0,0,0.0,0.0,0,0,0,0.0,0.0,0,0,0,0.0,0,0.0,0,0.0,2578277550.9,1238214440.1045394,1,0.0,1,0.0,1.0,0.0,1,0.0,1,0.0,1.0,0.0,1,0.0,1,0.0,1.0,0.0
DRB005,129,41.51468881920111,130.0,50,220,46841.04,2590.4721889324837,47322.0,41168,52272,0,0.0,0.0,0,0,0,0.0,0.0,0,0,0,0.0,0.0,0,0,0,0.0,0.0,0,0,0,0.0,0.0,0,0,0,0.0,0.0,0,0,0,0.0,0.0,0,0,0,0.0,0,0.0,0,0.0,2419943980.16,992237735.8670341,1,0.0,1,0.0,1.0,0.0,1,0.0,1,0.0,1.0,0.0,1,0.0,1,0.0,1.0,0.0
DRB006,130.8,41.14880909328869,130.0,70,270,47314.16,2433.9730463183196,47546.0,43072,53084,0,0.0,0.0,0,0,0,0.0,0.0,0,0,0,0.0,0.0,0,0,0,0.0,0.0,0,0,0,0.0,0.0,0,0,0,0.0,0.0,0,0,0,0.0,0.0,0,0,0,0.0,0,0.0,0,0.0,2392225941.1,1105782555.2074292,1,0.0,1,0.0,1.0,0.0,1,0.0,1,0.0,1.0,0.0,1,0.0,1,0.0,1.0,0.0
DRB007,108.2,35.49590375907436,110.0,50,190,47460.96,2575.8861123259057,47900.0,41076,51972,0,0.0,0.0,0,0,0,0.0,0.0,0,0,0,0.0,0.0,0,0,0,0.0,0.0,0,0,0,0.0,0.0,0,0,0,0.0,0.0,0,0,0,0.0,0.0,0,0,0,0.0,0,0.0,0,0.0,1966437021.7,890071319.5425638,1,0.0,1,0.0,1.0,0.0,1,0.0,1,0.0,1.0,0.0,1,0.0,1,0.0,1.0,0.0
DRB008,120.4,34.99037768604742,120.0,50,230,47383.84,2410.792734046337,47606.0,43004,53136,0,0.0,0.0,0,0,0,0.0,0.0,0,0,0,0.0,0.0,0,0,0,0.0,0.0,0,0,0,0.0,0.0,0,0,0,0.0,0.0,0,0,0,0.0,0.0,0,0,0,0.0,0,0.0,0,0.0,2251697832.34,971164209.6414897,1,0.0,1,0.0,1.0,0.0,1,0.0,1,0.0,1.0,0.0,1,0.0,1,0.0,1.0,0.0
DRB009,134.6,33.08677521121621,130.0,70,200,46183.76,2568.8017579869284,45678.0,41468,52548,0.52,0.5046720495044484,1.0,0,1,0,0.0,0.0,0,0,0,0.0,0.0,0,0,0,0.0,0.0,0,0,0,0.0,0.0,0,0,0,0.0,0.0,0,0,0,0.0,0.0,0,0,0,0.0,0,0.0,0,0.0,3153395540.72,1539951636.4761763,1,0.0,1,0.0,1.0,0.0,1,0.0,1,0.0,1.0,0.0,1,0.0,1,0.0,1.0,0.0
DRB010,125.4,39.65205813429757,115.0,70,250,47524.72,2357.4535815976856,47684.0,40976,55204,0.56,0.501426536422407,1.0,0,1,0,0.0,0.0,0,0,0,0.0,0.0,0,0,0,0.0,0.0,0,0,0,0.0,0.0,0,0,0,0.0,0.0,0,0,0,0.0,0.0,0,0,0,0.0,0,0.0,0,0.0,3251896040.18,1703130151.1413507,1,0.0,1,0.0,1.0,0.0,1,0.0,1,0.0,1.0,0.0,1,0.0,1,0.0,1.0,0.0
DRB011,138,39.48649988881501,140.0,60,240,45948.4,2579.1176785870007,45542.0,42816,50416,0.66,0.6580738746446297,1.0,0,2,0,0.0,0.0,0,0,0,0.0,0.0,0,0,0,0.0,0.0,0,0,0,0.0,0.0,0,0,0,0.0,0.0,0,0,0,0.0,0.0,0,0,0,0.0,0,0.0,0,0.0,3888056886.92,2525850584.768149,1,0.0,1,0.0,1.0,0.0,1,0.0,1,0.0,1.0,0.0,1,0.0,1,0.0,1.0,0.0
DRB012,128.6,33.381529782384824,130.0,70,200,47524.32,2437.097884696435,47560.0,43060,52996,0.72,0.607436903584837,1.0,0,2,0,0.0,0.0,0,0,0,0.0,0.0,0,0,0,0.0,0.0,0,0,0,0.0,0.0,0,0,0,0.0,0.0,0,0,0,0.0,0.0,0,0,0,0.0,0,0.0,0,0.0,3679704495.58,2096306500.4465282,1,0.0,1,0.0,1.0,0.0,1,0.0,1,0.0,1.0,0.0,1,0.0,1,0.0,1.0,0.0
DRB013,122,33.68521749300456,120.0,70,210,46435.44,2708.27629615712,46552.0,40988,52728,0,0.0,0.0,0,0,0,0.0,0.0,0,0,0,0.0,0.0,0,0,0,0.0,0.0,0,0,0,0.0,0.0,0,0,0,0.0,0.0,0,0,0,0.0,0.0,0,0,0,0.0,0,0.0,0,0.0,2889905229.5,1154640670.855672,1,0.0,1,0.0,1.0,0.0,1,0.0,1,0.0,1.0,0.0,1,0.0,1,0.0,1.0,0.0
DRB014,115.8,34.763926881825334,110.0,60,200,46768.64,2545.9075584801835,47280.0,41352,53160,0.06,0.2398979374820952,0.0,0,1,0,0.0,0.0,0,0,0,0.0,0.0,0,0,0,0.0,0.0,0,0,0,0.0,0.0,0,0,0,0.0,0.0,0,0,0,0.0,0.0,0,0,0,0.0,0,0.0,0,0.0,2543359073.16,1607596958.6902065,1,0.0,1,0.0,1.0,0.0,1,0.0,1,0.0,1.0,0.0,1,0.0,1,0.0,1.0,0.0
DRB015,116.8,33.65127283276676,110.0,50,220,47132.16,2364.219121720786,47560.0,42992,53060,0,0.0,0.0,0,0,0,0.0,0.0,0,0,0,0.0,0.0,0,0,0,0.0,0.0,0,0,0,0.0,0.0,0,0,0,0.0,0.0,0,0,0,0.0,0.0,0,0,0,0.0,0,0.0,0,0.0,2579817000.16,1091431526.194607,1,0.0,1,0.0,1.0,0.0,1,0.0,1,0.0,1.0,0.0,1,0.0,1,0.0,1.0,0.0
DRB016,133,29.364006844420665,130.0,80,190,47251.92,2256.858497820294,47564.0,43280,53496,1.18,0.5955618167335952,1.0,0,2,0,0.0,0.0,0,0,0,0.0,0.0,0,0,0,0.0,0.0,0,0,0,0.0,0.0,0,0,0,0.0,0.0,0,0,0,0.0,0.0,0,0,0,0.0,0,0.0,0,0.0,3460190234.92,1323757347.5791414,1,0.0,1,0.0,1.0,0.0,1,0.0,1,0.0,1.0,0.0,1,0.0,1,0.0,1.0,0.0
DRB017,142.2,40.52159917870962,130.0,70,280,47502.24,2890.7356775656644,47880.0,41428,53396,1,0.6388765649999399,1.0,0,2,0,0.0,0.0,0,0,0,0.0,0.0,0,0,0,0.0,0.0,0,0,0,0.0,0.0,0,0,0,0.0,0.0,0,0,0,0.0,0.0,0,0,0,0.0,0,0.0,0,0.0,3886362482.2,1882207385.7484019,1,0.0,1,0.0,1.0,0.0,1,0.0,1,0.0,1.0,0.0,1,0.0,1,0.0,1.0,0.0
DRB018,144.6,35.004955917348475,135.0,100,270,47496.8,2432.3528208090943,47936.0,43416,53608,8.2,1.4568627181693672,8.0,5,11,0,0.0,0.0,0,0,0,0.0,0.0,0,0,0,0.0,0.0,0,0,0,0.0,0.0,0,0,0,0.0,0.0,0,0,0,0.0,0.0,0,0,0,0.0,0,0.0,0,0.0,4650044219.34,1689592778.9499664,1,0.0,1,0.0,1.0,0.0,1,0.0,1,0.0,1.0,0.0,1,0.0,1,0.0,1.0,0.0
DRB019,161.6,43.34766900495649,150.0,110,260,47420.56,2488.322836197678,48136.0,41768,52096,10.58,2.041308104013259,11.0,6,15,0,0.0,0.0,0,0,0,0.0,0.0,0,0,0,0.0,0.0,0,0,0,0.0,0.0,0,0,0,0.0,0.0,0,0,0,0.0,0.0,0,0,0,0.0,0,0.0,0,0.0,5260544526.46,2679595848.649781,1,0.0,1,0.0,1.0,0.0,1,0.0,1,0.0,1.0,0.0,1,0.0,1,0.0,1.0,0.0
DRB020,135.6,32.64903036344984,130.0,70,240,45758.56,2901.015924514327,46516.0,40832,50528,0.6,0.4948716593053935,1.0,0,1,0,0.0,0.0,0,0,0,0.0,0.0,0,0,0,0.0,0.0,0,0,0,0.0,0.0,0,0,0,0.0,0.0,0,0,0,0.0,0.0,0,0,0,0.0,0,0.0,0,0.0,3007852201.42,1176751036.8505921,1,0.0,1,0.0,1.0,0.0,1,0.0,1,0.0,1.0,0.0,1,0.0,1,0.0,1.0,0.0
DRB021,183.8,32.06434856627516,180.0,140,290,48906.32,2888.3632639420193,49554.0,42888,54532,29.46,2.5088415084029747,29.5,24,34,0,0.0,0.0,0,0,0,0.0,0.0,0,0,0,0.0,0.0,0,0,0,0.0,0.0,0,0,0,0.0,0.0,0,0,0,0.0,0.0,0,0,0,0.0,0,0.0,0,0.0,6763765275.02,2119942025.7849667,1,0.0,1,0.0,1.0,0.0,1,0.0,1,0.0,1.0,0.0,1,0.0,1,0.0,1.0,0.0
DRB022,193.4,31.662119258166648,190.0,140,280,49091.84,2791.239936308023,49758.0,42900,54340,29.64,2.4723780174610215,29.0,25,35,0,0.0,0.0,0,0,0,0.0,0.0,0,0,0,0.0,0.0,0,0,0,0.0,0.0,0,0,0,0.0,0.0,0,0,0,0.0,0.0,0,0,0,0.0,0,0.0,0,0.0,6782241746.5,1476970394.378405,1,0.0,1,0.0,1.0,0.0,1,0.0,1,0.0,1.0,0.0,1,0.0,1,0.0,1.0,0.0
DRB023,126.2,36.359317925395686,130.0,40,240,46521.36,2746.7968860221945,46508.0,42756,51508,0,0.0,0.0,0,0,0,0.0,0.0,0,0,0,0.0,0.0,0,0,0,0.0,0.0,0,0,0,0.0,0.0,0,0,0,0.0,0.0,0,0,0,0.0,0.0,0,0,0,0.0,0,0.0,0,0.0,2454854520.82,1189910179.106384,1,0.0,1,0.0,1.0,0.0,1,0.0,1,0.0,1.0,0.0,1,0.0,1,0.0,1.0,0.0
DRB024,15.4,6.455499158682859,10.0,10,40,22319.68,2468.322453052862,22936.0,19212,26100,0,0.0,0.0,0,0,0,0.0,0.0,0,0,0,0.0,0.0,0,0,0,0.0,0.0,0,0,0,0.0,0.0,0,0,0,0.0,0.0,0,0,0,0.0,0.0,0,0,0,0.0,0,0.0,0,0.0,31092772.72,2878.871746404292,1,0.0,1,0.0,1.0,0.0,1,0.0,1,0.0,1.0,0.0,1,0.0,1,0.0,1.0,0.0
DRB025,12.4,4.314191105869,10.0,10,20,22248.48,2463.0831371287823,22948.0,19080,26004,0,0.0,0.0,0,0,0,0.0,0.0,0,0,0,0.0,0.0,0,0,0,0.0,0.0,0,0,0,0.0,0.0,0,0,0,0.0,0.0,0,0,0,0.0,0.0,0,0,0,0.0,0,0.0,0,0.0,30777590.6,2871.3602621583454,1,0.0,1,0.0,1.0,0.0,1,0.0,1,0.0,1.0,0.0,1,0.0,1,0.0,1.0,0.0
DRB026,118.6,33.13608305156178,115.0,50,230,47291.68,2668.8580867754918,47176.0,42784,52964,0.02,0.1414213562373095,0.0,0,1,0,0.0,0.0,0,0,0,0.0,0.0,0,0,0,0.0,0.0,0,0,0,0.0,0.0,0,0,0,0.0,0.0,0,0,0,0.0,0.0,0,0,0,0.0,0,0.0,0,0.0,2227443693.62,923847981.7070308,1,0.0,1,0.0,1.0,0.0,1,0.0,1,0.0,1.0,0.0,1,0.0,1,0.0,1.0,0.0
DRB027,131.8,39.830764440547306,130.0,60,240,46967.84,2859.2008542419608,47076.0,43036,53024,0,0.0,0.0,0,0,0,0.0,0.0,0,0,0,0.0,0.0,0,0,0,0.0,0.0,0,0,0,0.0,0.0,0,0,0,0.0,0.0,0,0,0,0.0,0.0,0,0,0,0.0,0,0.0,0,0.0,4046850686.38,1557749389.2855062,1,0.0,1,0.0,1.0,0.0,1,0.0,1,0.0,1.0,0.0,1,0.0,1,0.0,1.0,0.0
DRB028,135.2,35.813576265125484,120.0,70,260,48150.96,1987.8361218538462,48256.0,43076,53044,0.64,0.48487322138506117,1.0,0,1,0,0.0,0.0,0,0,0,0.0,0.0,0,0,0,0.0,0.0,0,0,0,0.0,0.0,0,0,0,0.0,0.0,0,0,0,0.0,0.0,0,0,0,0.0,0,0.0,0,0.0,3403380601.48,1397330175.6799562,1,0.0,1,0.0,1.0,0.0,1,0.0,1,0.0,1.0,0.0,1,0.0,1,0.0,1.0,0.0
DRB029,127,31.574337293286206,120.0,70,190,45154.88,2395.159205138394,45068.0,40900,51540,0.04,0.1979486637221574,0.0,0,1,0,0.0,0.0,0,0,0,0.0,0.0,0,0,0,0.0,0.0,0,0,0,0.0,0.0,0,0,0,0.0,0.0,0,0,0,0.0,0.0,0,0,0,0.0,0,0.0,0,0.0,2605645736.46,1288540722.2048573,1,0.0,1,0.0,1.0,0.0,1,0.0,1,0.0,1.0,0.0,1,0.0,1,0.0,1.0,0.0
DRB030,125.6,34.943686475382016,120.0,70,230,47577.28,2689.049168424423,48082.0,42856,52844,0,0.0,0.0,0,0,0,0.0,0.0,0,0,0,0.0,0.0,0,0,0,0.0,0.0,0,0,0,0.0,0.0,0,0,0,0.0,0.0,0,0,0,0.0,0.0,0,0,0,0.0,0,0.0,0,0.0,2417945710.88,947662913.270569,1,0.0,1,0.0,1.0,0.0,1,0.0,1,0.0,1.0,0.0,1,0.0,1,0.0,1.0,0.0
DRB031,129,38.185904013210454,125.0,60,230,54964.88,2467.7068975558864,55082.0,51124,60668,0.02,0.1414213562373095,0.0,0,1,0,0.0,0.0,0,0,0,0.0,0.0,0,0,0,0.0,0.0,0,0,0,0.0,0.0,0,0,0,0.0,0.0,0,0,0,0.0,0.0,0,0,0,0.0,0,0.0,0,0.0,2355323106.82,1119132202.9731143,1,0.0,1,0.0,1.0,0.0,1,0.0,1,0.0,1.0,0.0,1,0.0,1,0.0,1.0,0.0
DRB032,131.8,37.50863846080891,130.0,70,280,55777.84,2872.44749057706,55800.0,50088,61840,0.32,0.47121207149916117,0.0,0,1,0,0.0,0.0,0,0,0,0.0,0.0,0,0,0,0.0,0.0,0,0,0,0.0,0.0,0,0,0,0.0,0.0,0,0,0,0.0,0.0,0,0,0,0.0,0,0.0,0,0.0,3228578993.68,1875594524.1339726,1,0.0,1,0.0,1.0,0.0,1,0.0,1,0.0,1.0,0.0,1,0.0,1,0.0,1.0,0.0
DRB033,135.8,31.949577621685105,130.0,80,220,46661.68,2714.171196381191,47400.0,41488,51712,0.42,0.6417450698633201,0.0,0,3,0,0.0,0.0,0,0,0,0.0,0.0,0,0,0,0.0,0.0,0,0,0,0.0,0.0,0,0,0,0.0,0.0,0,0,0,0.0,0.0,0,0,0,0.0,0,0.0,0,0.0,2909255945.56,1605317722.5762916,1,0.0,1,0.0,1.0,0.0,1,0.0,1,0.0,1.0,0.0,1,0.0,1,0.0,1.0,0.0
DRB034,127.6,46.094844547710004,120.0,50,240,46223.2,2400.7683123941633,46050.0,41400,50252,0.28,0.5728553615932406,0.0,0,2,0,0.0,0.0,0,0,0,0.0,0.0,0,0,0,0.0,0.0,0,0,0,0.0,0.0,0,0,0,0.0,0.0,0,0,0,0.0,0.0,0,0,0,0.0,0,0.0,0,0.0,2991046190.2,1680912667.8031704,1,0.0,1,0.0,1.0,0.0,1,0.0,1,0.0,1.0,0.0,1,0.0,1,0.0,1.0,0.0
DRB035,140,36.86710828732554,130.0,60,240,46992.64,2725.093233829115,47552.0,41312,52844,0.94,0.651841974088562,1.0,0,2,0,0.0,0.0,0,0,0,0.0,0.0,0,0,0,0.0,0.0,0,0,0,0.0,0.0,0,0,0,0.0,0.0,0,0,0,0.0,0.0,0,0,0,0.0,0,0.0,0,0.0,3960983892.36,2007629145.5758753,1,0.0,1,0.0,1.0,0.0,1,0.0,1,0.0,1.0,0.0,1,0.0,1,0.0,1.0,0.0
DRB036,142.4,30.207446034353307,140.0,80,220,46798.96,3001.681684846489,46060.0,43064,53452,1.06,0.5858884758402823,1.0,0,2,0,0.0,0.0,0,0,0,0.0,0.0,0,0,0,0.0,0.0,0,0,0,0.0,0.0,0,0,0,0.0,0.0,0,0,0,0.0,0.0,0,0,0,0.0,0,0.0,0,0.0,4233535079.52,1720359611.8221776,1,0.0,1,0.0,1.0,0.0,1,0.0,1,0.0,1.0,0.0,1,0.0,1,0.0,1.0,0.0
DRB037,448.6,93.21929378993319,445.0,290,670,71515.36,2839.5885140244513,71138.0,66016,75776,1,0.0,1.0,1,1,0,0.0,0.0,0,0,0,0.0,0.0,0,0,0,0.0,0.0,0,0,0,0.0,0.0,0,0,0,0.0,0.0,0,0,0,0.0,0.0,0,0,0,0.0,0,0.0,0,0.0,22539963321.3,3006460148.0457516,1,0.0,1,0.0,1.0,0.0,1,0.0,1,0.0,1.0,0.0,1,0.0,1,0.0,1.0,0.0
DRB038,429.4,101.10431065317175,400.0,280,670,71356.24,2959.894362152481,71418.0,65616,76744,1,0.0,1.0,1,1,0,0.0,0.0,0,0,0,0.0,0.0,0,0,0,0.0,0.0,0,0,0,0.0,0.0,0,0,0,0.0,0.0,0,0,0,0.0,0.0,0,0,0,0.0,0,0.0,0,0.0,22434422676.76,2730047194.4423213,1,0.0,1,0.0,1.0,0.0,1,0.0,1,0.0,1.0,0.0,1,0.0,1,0.0,1.0,0.0
DRB039,110.8,31.67694068922331,100.0,60,210,46669.76,2979.8681422684,46984.0,41064,53068,0,0.0,0.0,0,0,0,0.0,0.0,0,0,0,0.0,0.0,0,0,0,0.0,0.0,0,0,0,0.0,0.0,0,0,0,0.0,0.0,0,0,0,0.0,0.0,0,0,0,0.0,0,0.0,0,0.0,2243722407.14,992990582.595727,1,0.0,1,0.0,1.0,0.0,1,0.0,1,0.0,1.0,0.0,1,0.0,1,0.0,1.0,0.0
DRB040,127.6,39.61858974094389,120.0,50,230,46971.52,3033.724203089029,47192.0,41028,53504,0.06,0.2398979374820952,0.0,0,1,0,0.0,0.0,0,0,0,0.0,0.0,0,0,0,0.0,0.0,0,0,0,0.0,0.0,0,0,0,0.0,0.0,0,0,0,0.0,0.0,0,0,0,0.0,0,0.0,0,0.0,2578933225.42,1744504877.5671337,1,0.0,1,0.0,1.0,0.0,1,0.0,1,0.0,1.0,0.0,1,0.0,1,0.0,1.0,0.0
DRB041,161.8,34.20764922215677,160.0,90,250,50803.04,2803.984518866111,51436.0,45100,55900,0,0.0,0.0,0,0,0,0.0,0.0,0,0,0,0.0,0.0,0,0,0,0.0,0.0,0,0,0,0.0,0.0,0,0,0,0.0,0.0,0,0,0,0.0,0.0,0,0,0,0.0,0,0.0,0,0.0,3993491668.62,1270514348.3886125,1,0.0,1,0.0,1.0,0.0,1,0.0,1,0.0,1.0,0.0,1,0.0,1,0.0,1.0,0.0
DRB042,162.4,39.41200480118944,160.0,90,250,50251.04,2654.0987244606545,50618.0,44104,54084,0,0.0,0.0,0,0,0,0.0,0.0,0,0,0,0.0,0.0,0,0,0,0.0,0.0,0,0,0,0.0,0.0,0,0,0,0.0,0.0,0,0,0,0.0,0.0,0,0,0,0.0,0,0.0,0,0.0,4641132413.7,1528955506.6349447,1,0.0,1,0.0,1.0,0.0,1,0.0,1,0.0,1.0,0.0,1,0.0,1,0.0,1.0,0.0
DRB043,177.8,44.551735576261706,170.0,100,330,65686.8,2620.1182400488597,65720.0,60184,70524,0,0.0,0.0,0,0,0,0.0,0.0,0,0,0,0.0,0.0,0,0,0,0.0,0.0,0,0,0,0.0,0.0,0,0,0,0.0,0.0,0,0,0,0.0,0.0,0,0,0,0.0,0,0.0,0,0.0,5695523552.88,1049864523.5628844,1,0.0,1,0.0,1.0,0.0,1,0.0,1,0.0,1.0,0.0,1,0.0,1,0.0,1.0,0.0
DRB044,173,42.67819784654187,170.0,110,280,57727.6,2801.580341193746,57978.0,53168,63448,0,0.0,0.0,0,0,0,0.0,0.0,0,0,0,0.0,0.0,0,0,0,0.0,0.0,0,0,0,0.0,0.0,0,0,0,0.0,0.0,0,0,0,0.0,0.0,0,0,0,0.0,0,0.0,0,0.0,5451155813.56,1505802801.4561172,1,0.0,1,0.0,1.0,0.0,1,0.0,1,0.0,1.0,0.0,1,0.0,1,0.0,1.0,0.0
DRB045,134.6,40.918535294072356,125.0,70,250,47535.68,2679.0465364546762,47810.0,40864,52140,0,0.0,0.0,0,0,0,0.0,0.0,0,0,0,0.0,0.0,0,0,0,0.0,0.0,0,0,0,0.0,0.0,0,0,0,0.0,0.0,0,0,0,0.0,0.0,0,0,0,0.0,0,0.0,0,0.0,2528002077.48,1047725454.6559328,1,0.0,1,0.0,1.0,0.0,1,0.0,1,0.0,1.0,0.0,1,0.0,1,0.0,1.0,0.0
DRB046,116.4,30.22095502211966,120.0,60,170,45961.92,3048.565509701042,45270.0,40924,50704,0,0.0,0.0,0,0,0,0.0,0.0,0,0,0,0.0,0.0,0,0,0,0.0,0.0,0,0,0,0.0,0.0,0,0,0,0.0,0.0,0,0,0,0.0,0.0,0,0,0,0.0,0,0.0,0,0.0,2464100070.58,1495144594.5086706,1,0.0,1,0.0,1.0,0.0,1,0.0,1,0.0,1.0,0.0,1,0.0,1,0.0,1.0,0.0
DRB047,123,33.88154635894692,120.0,70,200,46523.76,2742.9926645091523,46438.0,41152,52292,0,0.0,0.0,0,0,0,0.0,0.0,0,0,0,0.0,0.0,0,0,0,0.0,0.0,0,0,0,0.0,0.0,0,0,0,0.0,0.0,0,0,0,0.0,0.0,0,0,0,0.0,0,0.0,0,0.0,2216138884.32,805968843.3116267,1,0.0,1,0.0,1.0,0.0,1,0.0,1,0.0,1.0,0.0,1,0.0,1,0.0,1.0,0.0
DRB048,116,32.007652146297254,115.0,50,210,46203.68,2329.086896846321,46496.0,40848,50172,0,0.0,0.0,0,0,0,0.0,0.0,0,0,0,0.0,0.0,0,0,0,0.0,0.0,0,0,0,0.0,0.0,0,0,0,0.0,0.0,0,0,0,0.0,0.0,0,0,0,0.0,0,0.0,0,0.0,2161336621.74,999109728.5972792,1,0.0,1,0.0,1.0,0.0,1,0.0,1,0.0,1.0,0.0,1,0.0,1,0.0,1.0,0.0
DRB049,145,45.6807913009128,135.0,50,290,45991.68,2688.626486759759,46594.0,41032,51056,0,0.0,0.0,0,0,0,0.0,0.0,0,0,0,0.0,0.0,0,0,0,0.0,0.0,0,0,0,0.0,0.0,0,0,0,0.0,0.0,0,0,0,0.0,0.0,0,0,0,0.0,0,0.0,0,0.0,2624318555.56,1277408094.2460134,1,0.0,1,0.0,1.0,0.0,1,0.0,1,0.0,1.0,0.0,1,0.0,1,0.0,1.0,0.0
DRB050,109.8,33.895999402734894,105.0,50,180,47561.92,2392.742528939526,47922.0,42884,52748,0,0.0,0.0,0,0,0,0.0,0.0,0,0,0,0.0,0.0,0,0,0,0.0,0.0,0,0,0,0.0,0.0,0,0,0,0.0,0.0,0,0,0,0.0,0.0,0,0,0,0.0,0,0.0,0,0.0,2105865579.68,1063875197.3685478,1,0.0,1,0.0,1.0,0.0,1,0.0,1,0.0,1.0,0.0,1,0.0,1,0.0,1.0,0.0
DRB051,119.4,33.344827950079576,110.0,60,200,45168.96,2502.9622365411387,45068.0,40992,52992,0,0.0,0.0,0,0,0,0.0,0.0,0,0,0,0.0,0.0,0,0,0,0.0,0.0,0,0,0,0.0,0.0,0,0,0,0.0,0.0,0,0,0,0.0,0.0,0,0,0,0.0,0,0.0,0,0.0,2242637345.8,906179990.0935992,1,0.0,1,0.0,1.0,0.0,1,0.0,1,0.0,1.0,0.0,1,0.0,1,0.0,1.0,0.0
DRB052,117.2,32.64152857565194,115.0,70,180,47558.24,2770.6579382183295,48110.0,40872,51064,0,0.0,0.0,0,0,0,0.0,0.0,0,0,0,0.0,0.0,0,0,0,0.0,0.0,0,0,0,0.0,0.0,0,0,0,0.0,0.0,0,0,0,0.0,0.0,0,0,0,0.0,0,0.0,0,0.0,2364863610.62,1047089631.3257861,1,0.0,1,0.0,1.0,0.0,1,0.0,1,0.0,1.0,0.0,1,0.0,1,0.0,1.0,0.0
DRB053,136,38.913824205360676,130.0,90,260,45439.52,2585.6478779159834,45042.0,41240,51472,0,0.0,0.0,0,0,0,0.0,0.0,0,0,0,0.0,0.0,0,0,0,0.0,0.0,0,0,0,0.0,0.0,0,0,0,0.0,0.0,0,0,0,0.0,0.0,0,0,0,0.0,0,0.0,0,0.0,3409395303.72,1176525384.807452,1,0.0,1,0.0,1.0,0.0,1,0.0,1,0.0,1.0,0.0,1,0.0,1,0.0,1.0,0.0
DRB054,173.8,41.2008519824728,180.0,90,270,47882.16,2767.8224798566835,48562.0,41684,53720,0,0.0,0.0,0,0,0,0.0,0.0,0,0,0,0.0,0.0,0,0,0,0.0,0.0,0,0,0,0.0,0.0,0,0,0,0.0,0.0,0,0,0,0.0,0.0,0,0,0,0.0,0,0.0,0,0.0,4928860990.58,1521251014.0804157,1,0.0,1,0.0,1.0,0.0,1,0.0,1,0.0,1.0,0.0,1,0.0,1,0.0,1.0,0.0
DRB055,302.8,58.06540998507368,310.0,190,450,56561.28,2825.1653304700235,56672.0,52232,63696,0.24,0.5910903104450629,0.0,0,2,0,0.0,0.0,0,0,0,0.0,0.0,0,0,0,0.0,0.0,0,0,0,0.0,0.0,0,0,0,0.0,0.0,0,0,0,0.0,0.0,0,0,0,0.0,0,0.0,0,0.0,15505436817.86,3756289089.2357683,1,0.0,1,0.0,1.0,0.0,1,0.0,1,0.0,1.0,0.0,1,0.0,1,0.0,1.0,0.0
DRB056,146.4,39.7317536096503,140.0,80,250,53630,2857.606276703119,53230.0,49232,60460,0,0.0,0.0,0,0,0,0.0,0.0,0,0,0,0.0,0.0,0,0,0,0.0,0.0,0,0,0,0.0,0.0,0,0,0,0.0,0.0,0,0,0,0.0,0.0,0,0,0,0.0,0,0.0,0,0.0,3593065432.46,1196764063.9505105,1,0.0,1,0.0,1.0,0.0,1,0.0,1,0.0,1.0,0.0,1,0.0,1,0.0,1.0,0.0
DRB057,121.4,31.752229553728238,120.0,50,200,48137.84,2506.0061351456734,48558.0,43636,53900,0,0.0,0.0,0,0,0,0.0,0.0,0,0,0,0.0,0.0,0,0,0,0.0,0.0,0,0,0,0.0,0.0,0,0,0,0.0,0.0,0,0,0,0.0,0.0,0,0,0,0.0,0,0.0,0,0.0,2259916343.36,908878043.3080064,1,0.0,1,0.0,1.0,0.0,1,0.0,1,0.0,1.0,0.0,1,0.0,1,0.0,1.0,0.0
DRB058,972,115.5289521094613,990.0,620,1140,98548.8,2332.890438044266,98702.0,93944,104440,0,0.0,0.0,0,0,0,0.0,0.0,0,0,0,0.0,0.0,0,0,0,0.0,0.0,0,0,0,0.0,0.0,0,0,0,0.0,0.0,0,0,0,0.0,0.0,0,0,0,0.0,0,0.0,0,0.0,69044804439.98,8831792184.857567,1,0.0,1,0.0,1.0,0.0,1,0.0,1,0.0,1.0,0.0,1,0.0,1,0.0,1.0,0.0
DRB059,128,39.89782869648269,130.0,60,220,46706.88,2936.3230695854286,46952.0,41172,53084,0,0.0,0.0,0,0,0,0.0,0.0,0,0,0,0.0,0.0,0,0,0,0.0,0.0,0,0,0,0.0,0.0,0,0,0,0.0,0.0,0,0,0,0.0,0.0,0,0,0,0.0,0,0.0,0,0.0,2246539427.06,1029921582.3939359,1,0.0,1,0.0,1.0,0.0,1,0.0,1,0.0,1.0,0.0,1,0.0,1,0.0,1.0,0.0
DRB060,126.4,30.95487169465661,120.0,60,200,46589.12,2985.1341106850646,46702.0,40912,53248,0,0.0,0.0,0,0,0,0.0,0.0,0,0,0,0.0,0.0,0,0,0,0.0,0.0,0,0,0,0.0,0.0,0,0,0,0.0,0.0,0,0,0,0.0,0.0,0,0,0,0.0,0,0.0,0,0.0,2586867215.04,1129346805.8537953,1,0.0,1,0.0,1.0,0.0,1,0.0,1,0.0,1.0,0.0,1,0.0,1,0.0,1.0,0.0
DRB061,128.6,35.456786000276274,120.0,70,240,47379.04,2373.922621024587,47808.0,41076,52172,0,0.0,0.0,0,0,0,0.0,0.0,0,0,0,0.0,0.0,0,0,0,0.0,0.0,0,0,0,0.0,0.0,0,0,0,0.0,0.0,0,0,0,0.0,0.0,0,0,0,0.0,0,0.0,0,0.0,2284834153.06,835478474.5476358,1,0.0,1,0.0,1.0,0.0,1,0.0,1,0.0,1.0,0.0,1,0.0,1,0.0,1.0,0.0
DRB062,569.6,66.33126513714237,570.0,430,710,73928.56,2683.632750810828,74752.0,68380,79676,0,0.0,0.0,0,0,0,0.0,0.0,0,0,0,0.0,0.0,0,0,0,0.0,0.0,0,0,0,0.0,0.0,0,0,0,0.0,0.0,0,0,0,0.0,0.0,0,0,0,0.0,0,0.0,0,0.0,34679380789.98,3762963700.5379214,1,0.0,1,0.0,1.0,0.0,1,0.0,1,0.0,1.0,0.0,1,0.0,1,0.0,1.0,0.0
DRB063,118.4,33.948340105495106,110.0,60,210,46843.04,3007.282107125425,47204.0,40968,53164,0,0.0,0.0,0,0,0,0.0,0.0,0,0,0,0.0,0.0,0,0,0,0.0,0.0,0,0,0,0.0,0.0,0,0,0,0.0,0.0,0,0,0,0.0,0.0,0,0,0,0.0,0,0.0,0,0.0,2419111800.5,1175355207.2902048,1,0.0,1,0.0,1.0,0.0,1,0.0,1,0.0,1.0,0.0,1,0.0,1,0.0,1.0,0.0
DRB064,129.2,41.346717166035845,120.0,70,230,46607.68,2857.076095219998,47134.0,41164,53004,0,0.0,0.0,0,0,0,0.0,0.0,0,0,0,0.0,0.0,0,0,0,0.0,0.0,0,0,0,0.0,0.0,0,0,0,0.0,0.0,0,0,0,0.0,0.0,0,0,0,0.0,0,0.0,0,0.0,2622424358.58,1315787651.5789583,1,0.0,1,0.0,1.0,0.0,1,0.0,1,0.0,1.0,0.0,1,0.0,1,0.0,1.0,0.0
DRB065,132.2,38.98141891219666,120.0,70,240,46969.68,2457.1689154764417,46714.0,42816,52368,0,0.0,0.0,0,0,0,0.0,0.0,0,0,0,0.0,0.0,0,0,0,0.0,0.0,0,0,0,0.0,0.0,0,0,0,0.0,0.0,0,0,0,0.0,0.0,0,0,0,0.0,0,0.0,0,0.0,4631728829.82,1400937026.5805383,1,0.0,1,0.0,1.0,0.0,1,0.0,1,0.0,1.0,0.0,1,0.0,1,0.0,1.0,0.0
DRB066,130.6,40.07187420174924,130.0,60,240,46429.6,2961.5376039469493,47070.0,40948,52440,0,0.0,0.0,0,0,0,0.0,0.0,0,0,0,0.0,0.0,0,0,0,0.0,0.0,0,0,0,0.0,0.0,0,0,0,0.0,0.0,0,0,0,0.0,0.0,0,0,0,0.0,0,0.0,0,0.0,2514854051.6,1065713997.8826782,1,0.0,1,0.0,1.0,0.0,1,0.0,1,0.0,1.0,0.0,1,0.0,1,0.0,1.0,0.0
DRB067,132,37.904283318347424,130.0,60,230,47910.48,2062.7396705768347,47944.0,43200,53004,0,0.0,0.0,0,0,0,0.0,0.0,0,0,0,0.0,0.0,0,0,0,0.0,0.0,0,0,0,0.0,0.0,0,0,0,0.0,0.0,0,0,0,0.0,0.0,0,0,0,0.0,0,0.0,0,0.0,2542656610.18,1127362771.8250217,1,0.0,1,0.0,1.0,0.0,1,0.0,1,0.0,1.0,0.0,1,0.0,1,0.0,1.0,0.0
DRB068,134,40.40610178208843,130.0,70,240,45073.44,2656.6782709056138,44912.0,40912,51416,0,0.0,0.0,0,0,0,0.0,0.0,0,0,0,0.0,0.0,0,0,0,0.0,0.0,0,0,0,0.0,0.0,0,0,0,0.0,0.0,0,0,0,0.0,0.0,0,0,0,0.0,0,0.0,0,0.0,2206077149.64,1044538465.5992239,1,0.0,1,0.0,1.0,0.0,1,0.0,1,0.0,1.0,0.0,1,0.0,1,0.0,1.0,0.0
DRB069,135.6,31.37397855886698,140.0,70,210,48350.96,2051.904729458829,48152.0,43192,53176,0,0.0,0.0,0,0,0,0.0,0.0,0,0,0,0.0,0.0,0,0,0,0.0,0.0,0,0,0,0.0,0.0,0,0,0,0.0,0.0,0,0,0,0.0,0.0,0,0,0,0.0,0,0.0,0,0.0,2462193483.56,867320275.0597166,1,0.0,1,0.0,1.0,0.0,1,0.0,1,0.0,1.0,0.0,1,0.0,1,0.0,1.0,0.0
DRB070,18.6,8.332380897952964,20.0,10,40,21076.56,2177.103413215995,19426.0,19140,25984,0,0.0,0.0,0,0,0,0.0,0.0,0,0,0,0.0,0.0,0,0,0,0.0,0.0,0,0,0,0.0,0.0,0,0,0,0.0,0.0,0,0,0,0.0,0.0,0,0,0,0.0,0,0.0,0,0.0,30962203.62,3005.7688675788304,1,0.0,1,0.0,1.0,0.0,1,0.0,1,0.0,1.0,0.0,1,0.0,1,0.0,1.0,0.0
DRB071,136.2,31.48631059844962,140.0,70,190,45338.56,2516.2909873584226,45172.0,40872,50480,0,0.0,0.0,0,0,0,0.0,0.0,0,0,0,0.0,0.0,0,0,0,0.0,0.0,0,0,0,0.0,0.0,0,0,0,0.0,0.0,0,0,0,0.0,0.0,0,0,0,0.0,0,0.0,0,0.0,2512728452.02,967168312.7139823,1,0.0,1,0.0,1.0,0.0,1,0.0,1,0.0,1.0,0.0,1,0.0,1,0.0,1.0,0.0
DRB072,129.4,40.02091290047936,130.0,60,240,47726.08,2427.8789251323965,48100.0,42976,53112,0,0.0,0.0,0,0,0,0.0,0.0,0,0,0,0.0,0.0,0,0,0,0.0,0.0,0,0,0,0.0,0.0,0,0,0,0.0,0.0,0,0,0,0.0,0.0,0,0,0,0.0,0,0.0,0,0.0,3749085061.42,1404431933.7591357,1,0.0,1,0.0,1.0,0.0,1,0.0,1,0.0,1.0,0.0,1,0.0,1,0.0,1.0,0.0
DRB073,148,34.285714285714285,140.0,90,250,46785.84,2727.7970132152655,46976.0,41364,52292,2.06,0.6518419740885619,2.0,1,4,0,0.0,0.0,0,0,0,0.0,0.0,0,0,0,0.0,0.0,0,0,0,0.0,0.0,0,0,0,0.0,0.0,0,0,0,0.0,0.0,0,0,0,0.0,0,0.0,0,0.0,4004467248.2,1628881246.7153192,1,0.0,1,0.0,1.0,0.0,1,0.0,1,0.0,1.0,0.0,1,0.0,1,0.0,1.0,0.0
DRB074,33.4,8.946553321057815,30.0,30,70,29823.44,2202.8905700632226,30308.0,25412,33072,0,0.0,0.0,0,0,0,0.0,0.0,0,0,0,0.0,0.0,0,0,0,0.0,0.0,0,0,0,0.0,0.0,0,0,0,0.0,0.0,0,0,0,0.0,0.0,0,0,0,0.0,0,0.0,0,0.0,53839063.38,637983.3833636086,1,0.0,1,0.0,1.0,0.0,1,0.0,1,0.0,1.0,0.0,1,0.0,1,0.0,1.0,0.0
DRB075,106.6,31.726509870633873,100.0,60,190,47720.72,2089.3849015772025,47816.0,43116,53024,0.04,0.1979486637221574,0.0,0,1,0,0.0,0.0,0,0,0,0.0,0.0,0,0,0,0.0,0.0,0,0,0,0.0,0.0,0,0,0,0.0,0.0,0,0,0,0.0,0.0,0,0,0,0.0,0,0.0,0,0.0,2576320677.3,1338002835.2475727,1,0.0,1,0.0,1.0,0.0,1,0.0,1,0.0,1.0,0.0,1,0.0,1,0.0,1.0,0.0
DRB076,31,3.6421567954234177,30.0,30,50,30715.44,1717.8830845680093,30658.0,25680,33548,0,0.0,0.0,0,0,0,0.0,0.0,0,0,0,0.0,0.0,0,0,0,0.0,0.0,0,0,0,0.0,0.0,0,0,0,0.0,0.0,0,0,0,0.0,0.0,0,0,0,0.0,0,0.0,0,0.0,53484631.56,649125.1512887789,1,0.0,1,0.0,1.0,0.0,1,0.0,1,0.0,1.0,0.0,1,0.0,1,0.0,1.0,0.0
DRB077,118.4,33.948340105495106,120.0,60,210,46118,2847.7671597092285,46098.0,40628,50856,0,0.0,0.0,0,0,0,0.0,0.0,0,0,0,0.0,0.0,0,0,0,0.0,0.0,0,0,0,0.0,0.0,0,0,0,0.0,0.0,0,0,0,0.0,0.0,0,0,0,0.0,0,0.0,0,0.0,2630783501.74,1065845924.6813573,1,0.0,1,0.0,1.0,0.0,1,0.0,1,0.0,1.0,0.0,1,0.0,1,0.0,1.0,0.0
DRB078,116.4,33.488347044234686,110.0,60,210,48069.12,2659.7497552996083,47972.0,41300,53228,0,0.0,0.0,0,0,0,0.0,0.0,0,0,0,0.0,0.0,0,0,0,0.0,0.0,0,0,0,0.0,0.0,0,0,0,0.0,0.0,0,0,0,0.0,0.0,0,0,0,0.0,0,0.0,0,0.0,3278759293.52,1342149006.9757712,1,0.0,1,0.0,1.0,0.0,1,0.0,1,0.0,1.0,0.0,1,0.0,1,0.0,1.0,0.0
DRB079,140,39.64124835860459,135.0,70,260,46429.04,2843.253417894252,47400.0,41208,51808,0,0.0,0.0,0,0,0,0.0,0.0,0,0,0,0.0,0.0,0,0,0,0.0,0.0,0,0,0,0.0,0.0,0,0,0,0.0,0.0,0,0,0,0.0,0.0,0,0,0,0.0,0,0.0,0,0.0,4128167887.1,1348385665.3107107,1,0.0,1,0.0,1.0,0.0,1,0.0,1,0.0,1.0,0.0,1,0.0,1,0.0,1.0,0.0
DRB080,130,39.846644802803866,120.0,80,250,47878.8,2138.5378564021976,48264.0,42788,52712,0.8,0.4040610178208843,1.0,0,1,0,0.0,0.0,0,0,0,0.0,0.0,0,0,0,0.0,0.0,0,0,0,0.0,0.0,0,0,0,0.0,0.0,0,0,0,0.0,0.0,0,0,0,0.0,0,0.0,0,0.0,3641160854.7,2003816756.4994178,1,0.0,1,0.0,1.0,0.0,1,0.0,1,0.0,1.0,0.0,1,0.0,1,0.0,1.0,0.0
DRB081,17.8,9.32190748632883,20.0,10,60,20602.72,2116.1845434746033,19450.0,19208,26164,0,0.0,0.0,0,0,0,0.0,0.0,0,0,0,0.0,0.0,0,0,0,0.0,0.0,0,0,0,0.0,0.0,0,0,0,0.0,0.0,0,0,0,0.0,0.0,0,0,0,0.0,0,0.0,0,0.0,30775419.54,2645.8122953922825,1,0.0,1,0.0,1.0,0.0,1,0.0,1,0.0,1.0,0.0,1,0.0,1,0.0,1.0,0.0
DRB082,154.2,46.86454645343017,145.0,70,310,47455.84,2453.9543378483836,48054.0,42168,52816,0.82,0.38808793449160356,1.0,0,1,0,0.0,0.0,0,0,0,0.0,0.0,0,0,0,0.0,0.0,0,0,0,0.0,0.0,0,0,0,0.0,0.0,0,0,0,0.0,0.0,0,0,0,0.0,0,0.0,0,0.0,3922923756.26,2287109951.741906,1,0.0,1,0.0,1.0,0.0,1,0.0,1,0.0,1.0,0.0,1,0.0,1,0.0,1.0,0.0
DRB083,13.4,5.573259772323189,10.0,10,30,23355.92,1818.4465206795135,23826.0,19064,26080,0,0.0,0.0,0,0,0,0.0,0.0,0,0,0,0.0,0.0,0,0,0,0.0,0.0,0,0,0,0.0,0.0,0,0,0,0.0,0.0,0,0,0,0.0,0.0,0,0,0,0.0,0,0.0,0,0.0,30768959.54,2182.6634563471916,1,0.0,1,0.0,1.0,0.0,1,0.0,1,0.0,1.0,0.0,1,0.0,1,0.0,1.0,0.0
DRB084,157.6,42.45333572625023,150.0,90,300,47741.2,1848.1348568163503,47636.0,43484,51520,0.46,0.5034574339058885,0.0,0,1,0,0.0,0.0,0,0,0,0.0,0.0,0,0,0,0.0,0.0,0,0,0,0.0,0.0,0,0,0,0.0,0.0,0,0,0,0.0,0.0,0,0,0,0.0,0,0.0,0,0.0,4002083249.58,2023677184.6444094,1,0.0,1,0.0,1.0,0.0,1,0.0,1,0.0,1.0,0.0,1,0.0,1,0.0,1.0,0.0
DRB085,133.2,36.39017584402669,130.0,70,270,46811.04,2928.689063560761,46064.0,41132,53912,0,0.0,0.0,0,0,0,0.0,0.0,0,0,0,0.0,0.0,0,0,0,0.0,0.0,0,0,0,0.0,0.0,0,0,0,0.0,0.0,0,0,0,0.0,0.0,0,0,0,0.0,0,0.0,0,0.0,3070347556.78,1210570165.2733245,1,0.0,1,0.0,1.0,0.0,1,0.0,1,0.0,1.0,0.0,1,0.0,1,0.0,1.0,0.0
DRB086,141.2,35.32011047663403,140.0,80,240,46832.24,2783.9441010104747,47620.0,40940,51424,0.68,0.4712120714991612,1.0,0,1,0,0.0,0.0,0,0,0,0.0,0.0,0,0,0,0.0,0.0,0,0,0,0.0,0.0,0,0,0,0.0,0.0,0,0,0,0.0,0.0,0,0,0,0.0,0,0.0,0,0.0,3287368553.26,1244903870.4065225,1,0.0,1,0.0,1.0,0.0,1,0.0,1,0.0,1.0,0.0,1,0.0,1,0.0,1.0,0.0
DRB087,144.6,36.878731219044546,145.0,70,230,47259.28,2720.2919039046124,47650.0,43136,52832,0.8,0.4040610178208843,1.0,0,1,0,0.0,0.0,0,0,0,0.0,0.0,0,0,0,0.0,0.0,0,0,0,0.0,0.0,0,0,0,0.0,0.0,0,0,0,0.0,0.0,0,0,0,0.0,0,0.0,0,0.0,3880913014.66,2238857428.960991,1,0.0,1,0.0,1.0,0.0,1,0.0,1,0.0,1.0,0.0,1,0.0,1,0.0,1.0,0.0
DRB088,136,36.25307868699863,135.0,50,210,47350.96,2106.8128648142765,47890.0,42896,50580,0.68,0.4712120714991612,1.0,0,1,0,0.0,0.0,0,0,0,0.0,0.0,0,0,0,0.0,0.0,0,0,0,0.0,0.0,0,0,0,0.0,0.0,0,0,0,0.0,0.0,0,0,0,0.0,0,0.0,0,0.0,3743356553.6,1784816451.6203146,1,0.0,1,0.0,1.0,0.0,1,0.0,1,0.0,1.0,0.0,1,0.0,1,0.0,1.0,0.0
DRB089,137.8,35.587775933856385,140.0,70,230,46617.52,2295.61155641785,46898.0,42896,52020,0.78,0.4184519575964803,1.0,0,1,0,0.0,0.0,0,0,0,0.0,0.0,0,0,0,0.0,0.0,0,0,0,0.0,0.0,0,0,0,0.0,0.0,0,0,0,0.0,0.0,0,0,0,0.0,0,0.0,0,0.0,3585148163.98,1825691792.7215571,1,0.0,1,0.0,1.0,0.0,1,0.0,1,0.0,1.0,0.0,1,0.0,1,0.0,1.0,0.0
DRB090,141.4,35.28368993614761,140.0,80,250,47435.84,2560.6381806582704,47592.0,42816,53188,0,0.0,0.0,0,0,0,0.0,0.0,0,0,0,0.0,0.0,0,0,0,0.0,0.0,0,0,0,0.0,0.0,0,0,0,0.0,0.0,0,0,0,0.0,0.0,0,0,0,0.0,0,0.0,0,0.0,3036431746.58,1201178710.7205865,1,0.0,1,0.0,1.0,0.0,1,0.0,1,0.0,1.0,0.0,1,0.0,1,0.0,1.0,0.0
DRB091,141.6,41.37237567976675,145.0,50,240,48321.28,2690.666248120623,48106.0,41884,53948,0,0.0,0.0,0,0,0,0.0,0.0,0,0,0,0.0,0.0,0,0,0,0.0,0.0,0,0,0,0.0,0.0,0,0,0,0.0,0.0,0,0,0,0.0,0.0,0,0,0,0.0,0,0.0,0,0.0,2909816341.64,1167767869.2183652,1,0.0,1,0.0,1.0,0.0,1,0.0,1,0.0,1.0,0.0,1,0.0,1,0.0,1.0,0.0
DRB092,146.6,41.28596144266109,140.0,70,290,48066.72,2303.7251026481936,48052.0,43512,53036,0.52,0.5046720495044484,1.0,0,1,0,0.0,0.0,0,0,0,0.0,0.0,0,0,0,0.0,0.0,0,0,0,0.0,0.0,0,0,0,0.0,0.0,0,0,0,0.0,0.0,0,0,0,0.0,0,0.0,0,0.0,4040711890.5,1893730542.7407486,1,0.0,1,0.0,1.0,0.0,1,0.0,1,0.0,1.0,0.0,1,0.0,1,0.0,1.0,0.0
DRB093,115.8,38.5497293460416,110.0,50,250,47243.44,2504.887501323306,47452.0,43164,52912,0,0.0,0.0,0,0,0,0.0,0.0,0,0,0,0.0,0.0,0,0,0,0.0,0.0,0,0,0,0.0,0.0,0,0,0,0.0,0.0,0,0,0,0.0,0.0,0,0,0,0.0,0,0.0,0,0.0,2123467088.58,937155865.1657319,1,0.0,1,0.0,1.0,0.0,1,0.0,1,0.0,1.0,0.0,1,0.0,1,0.0,1.0,0.0
DRB094,1800010,0.0,1800010.0,1800010,1800010,50196,0.0,50196.0,50196,50196,0,0.0,0.0,0,0,0,0.0,0.0,0,0,0,0.0,0.0,0,0,0,0.0,0.0,0,0,0,0.0,0.0,0,0,0,0.0,0.0,0,0,0,0.0,0.0,0,0,0,0.0,0,0.0,0,0.0,3559050809930,0.0,1,0.0,1,0.0,1.0,0.0,1,0.0,1,0.0,1.0,0.0,1,0.0,1,0.0,1.0,0.0
DRB095,167.6,40.484817007901434,150.0,120,310,48688.48,2640.3583727074874,48464.0,43932,53684,2.58,0.8827138117585948,3.0,1,5,0,0.0,0.0,0,0,0,0.0,0.0,0,0,0,0.0,0.0,0,0,0,0.0,0.0,0,0,0,0.0,0.0,0,0,0,0.0,0.0,0,0,0,0.0,0,0.0,0,0.0,5258029655.16,1562102006.3373332,1,0.0,1,0.0,1.0,0.0,1,0.0,1,0.0,1.0,0.0,1,0.0,1,0.0,1.0,0.0
DRB096,116.4,35.38476554469538,110.0,50,230,47075.6,2648.761004157011,46506.0,42164,51700,0,0.0,0.0,0,0,0,0.0,0.0,0,0,0,0.0,0.0,0,0,0,0.0,0.0,0,0,0,0.0,0.0,0,0,0,0.0,0.0,0,0,0,0.0,0.0,0,0,0,0.0,0,0.0,0,0.0,2895395731.66,1325621544.0996573,1,0.0,1,0.0,1.0,0.0,1,0.0,1,0.0,1.0,0.0,1,0.0,1,0.0,1.0,0.0
DRB097,387,32.965659312040934,390.0,330,500,108948,5835.948272979976,108628.0,98112,121228,0,0.0,0.0,0,0,0,0.0,0.0,0,0,0,0.0,0.0,0,0,0,0.0,0.0,0,0,0,0.0,0.0,0,0,0,0.0,0.0,0,0,0,0.0,0.0,0,0,0,0.0,0,0.0,0,0.0,14519092191.18,2798011269.2802835,1,0.0,1,0.0,1.0,0.0,1,0.0,1,0.0,1.0,0.0,1,0.0,1,0.0,1.0,0.0
DRB098,14.6,9.940640146922744,10.0,10,60,23983.2,1400.1380689935181,23634.0,20780,26660,0,0.0,0.0,0,0,0,0.0,0.0,0,0,0,0.0,0.0,0,0,0,0.0,0.0,0,0,0,0.0,0.0,0,0,0,0.0,0.0,0,0,0,0.0,0.0,0,0,0,0.0,0,0.0,0,0.0,31091638.78,1908.3907986594788,1,0.0,1,0.0,1.0,0.0,1,0.0,1,0.0,1.0,0.0,1,0.0,1,0.0,1.0,0.0
DRB099,117.8,34.54012750647087,120.0,50,180,45612.24,2550.173411950726,45182.0,41080,51280,0,0.0,0.0,0,0,0,0.0,0.0,0,0,0,0.0,0.0,0,0,0,0.0,0.0,0,0,0,0.0,0.0,0,0,0,0.0,0.0,0,0,0,0.0,0.0,0,0,0,0.0,0,0.0,0,0.0,2262218593.74,1018729216.2910999,1,0.0,1,0.0,1.0,0.0,1,0.0,1,0.0,1.0,0.0,1,0.0,1,0.0,1.0,0.0
DRB100,119.6,34.75629439396553,120.0,60,220,47180.24,2956.7837363719163,46938.0,42980,52896,0,0.0,0.0,0,0,0,0.0,0.0,0,0,0,0.0,0.0,0,0,0,0.0,0.0,0,0,0,0.0,0.0,0,0,0,0.0,0.0,0,0,0,0.0,0.0,0,0,0,0.0,0,0.0,0,0.0,3310697304.76,1333750623.6518738,1,0.0,1,0.0,1.0,0.0,1,0.0,1,0.0,1.0,0.0,1,0.0,1,0.0,1.0,0.0
DRB101,124.6,34.77097076820354,120.0,70,260,46586.88,2473.591065802172,46864.0,41240,51528,0,0.0,0.0,0,0,0,0.0,0.0,0,0,0,0.0,0.0,0,0,0,0.0,0.0,0,0,0,0.0,0.0,0,0,0,0.0,0.0,0,0,0,0.0,0.0,0,0,0,0.0,0,0.0,0,0.0,3582864876.24,1271668253.8392823,1,0.0,1,0.0,1.0,0.0,1,0.0,1,0.0,1.0,0.0,1,0.0,1,0.0,1.0,0.0
DRB102,129.8,43.49478035773197,120.0,50,270,45858.56,2937.1263768298068,45186.0,42288,52332,0,0.0,0.0,0,0,0,0.0,0.0,0,0,0,0.0,0.0,0,0,0,0.0,0.0,0,0,0,0.0,0.0,0,0,0,0.0,0.0,0,0,0,0.0,0.0,0,0,0,0.0,0,0.0,0,0.0,2956321305.92,1247780752.1731057,1,0.0,1,0.0,1.0,0.0,1,0.0,1,0.0,1.0,0.0,1,0.0,1,0.0,1.0,0.0
DRB103,114,39.22722919355994,110.0,50,230,47152.48,2748.898066721371,47218.0,40712,52360,0,0.0,0.0,0,0,0,0.0,0.0,0,0,0,0.0,0.0,0,0,0,0.0,0.0,0,0,0,0.0,0.0,0,0,0,0.0,0.0,0,0,0,0.0,0.0,0,0,0,0.0,0,0.0,0,0.0,2346998237.68,1065095641.4780835,1,0.0,1,0.0,1.0,0.0,1,0.0,1,0.0,1.0,0.0,1,0.0,1,0.0,1.0,0.0
DRB104,135.2,38.131887133035136,130.0,60,220,46792.96,2775.4144603894347,47334.0,40984,52396,0,0.0,0.0,0,0,0,0.0,0.0,0,0,0,0.0,0.0,0,0,0,0.0,0.0,0,0,0,0.0,0.0,0,0,0,0.0,0.0,0,0,0,0.0,0.0,0,0,0,0.0,0,0.0,0,0.0,2975882440.18,1172266885.055787,1,0.0,1,0.0,1.0,0.0,1,0.0,1,0.0,1.0,0.0,1,0.0,1,0.0,1.0,0.0
DRB105,1344.2,56.24617900854444,1350.0,1240,1460,110675.2,5418.159217494669,111028.0,96584,121772,4.42,1.9069154492562708,4.5,0,9,0,0.0,0.0,0,0,0,0.0,0.0,0,0,0,0.0,0.0,0,0,0,0.0,0.0,0,0,0,0.0,0.0,0,0,0,0.0,0.0,0,0,0,0.0,0,0.0,0,0.0,23830266364.26,1991388947.5991068,1,0.0,1,0.0,1.0,0.0,1,0.0,1,0.0,1.0,0.0,1,0.0,1,0.0,1.0,0.0
DRB106,189.2,43.977730913799206,190.0,100,310,51025.68,3410.9341675720166,50392.0,45164,58632,0.02,0.1414213562373095,0.0,0,1,0,0.0,0.0,0,0,0,0.0,0.0,0,0,0,0.0,0.0,0,0,0,0.0,0.0,0,0,0,0.0,0.0,0,0,0,0.0,0.0,0,0,0,0.0,0,0.0,0,0.0,6591037944.94,2163704861.9074783,1,0.0,1,0.0,1.0,0.0,1,0.0,1,0.0,1.0,0.0,1,0.0,1,0.0,1.0,0.0
DRB107,135,29.01442287369986,130.0,70,190,46342.16,2957.417318940184,46318.0,41072,52312,0,0.0,0.0,0,0,0,0.0,0.0,0,0,0,0.0,0.0,0,0,0,0.0,0.0,0,0,0,0.0,0.0,0,0,0,0.0,0.0,0,0,0,0.0,0.0,0,0,0,0.0,0,0.0,0,0.0,3739532018.36,1023730344.8130143,1,0.0,1,0.0,1.0,0.0,1,0.0,1,0.0,1.0,0.0,1,0.0,1,0.0,1.0,0.0
DRB108,119.6,28.639917911180955,120.0,60,190,46749.36,2599.1681696030273,47412.0,40888,52292,0,0.0,0.0,0,0,0,0.0,0.0,0,0,0,0.0,0.0,0,0,0,0.0,0.0,0,0,0,0.0,0.0,0,0,0,0.0,0.0,0,0,0,0.0,0.0,0,0,0,0.0,0,0.0,0,0.0,2395229693.46,901159849.6011343,1,0.0,1,0.0,1.0,0.0,1,0.0,1,0.0,1.0,0.0,1,0.0,1,0.0,1.0,0.0
DRB109,153.2,40.12429667512528,150.0,80,250,45418.4,2854.743907167542,44308.0,40876,51292,0.68,0.4712120714991612,1.0,0,1,0,0.0,0.0,0,0,0,0.0,0.0,0,0,0,0.0,0.0,0,0,0,0.0,0.0,0,0,0,0.0,0.0,0,0,0,0.0,0.0,0,0,0,0.0,0,0.0,0,0.0,2849310724.58,1171349601.776686,1,0.0,1,0.0,1.0,0.0,1,0.0,1,0.0,1.0,0.0,1,0.0,1,0.0,1.0,0.0
DRB110,133.2,34.6669283087981,130.0,70,200,47863.04,2069.5506064489123,48054.0,40912,52584,0,0.0,0.0,0,0,0,0.0,0.0,0,0,0,0.0,0.0,0,0,0,0.0,0.0,0,0,0,0.0,0.0,0,0,0,0.0,0.0,0,0,0,0.0,0.0,0,0,0,0.0,0,0.0,0,0.0,1928828974.18,910307860.922646,1,0.0,1,0.0,1.0,0.0,1,0.0,1,0.0,1.0,0.0,1,0.0,1,0.0,1.0,0.0
DRB111,143.6,38.26651970864668,140.0,90,320,46866,2554.2764141729062,46620.0,41024,52808,1.06,0.6197431989566817,1.0,0,2,0,0.0,0.0,0,0,0,0.0,0.0,0,0,0,0.0,0.0,0,0,0,0.0,0.0,0,0,0,0.0,0.0,0,0,0,0.0,0.0,0,0,0,0.0,0,0.0,0,0.0,3917792958.14,2128787252.7150552,1,0.0,1,0.0,1.0,0.0,1,0.0,1,0.0,1.0,0.0,1,0.0,1,0.0,1.0,0.0
DRB112,130.6,35.5946567877362,125.0,70,220,47684.72,2335.028689593447,47684.0,43224,52420,0,0.0,0.0,0,0,0,0.0,0.0,0,0,0,0.0,0.0,0,0,0,0.0,0.0,0,0,0,0.0,0.0,0,0,0,0.0,0.0,0,0,0,0.0,0.0,0,0,0,0.0,0,0.0,0,0.0,3030385339.8,994014660.0278729,1,0.0,1,0.0,1.0,0.0,1,0.0,1,0.0,1.0,0.0,1,0.0,1,0.0,1.0,0.0
DRB113,138.4,35.99092856228511,135.0,70,240,45895.04,3021.3211933638217,45264.0,40908,53092,0,0.0,0.0,0,0,0,0.0,0.0,0,0,0,0.0,0.0,0,0,0,0.0,0.0,0,0,0,0.0,0.0,0,0,0,0.0,0.0,0,0,0,0.0,0.0,0,0,0,0.0,0,0.0,0,0.0,2921702743.54,1004925513.7448859,1,0.0,1,0.0,1.0,0.0,1,0.0,1,0.0,1.0,0.0,1,0.0,1,0.0,1.0,0.0
DRB114,34.6,20.021417104119852,30.0,20,110,28348.08,7280.921201639927,26614.0,22676,50264,0,0.0,0.0,0,0,0,0.0,0.0,0,0,0,0.0,0.0,0,0,0,0.0,0.0,0,0,0,0.0,0.0,0,0,0,0.0,0.0,0,0,0,0.0,0.0,0,0,0,0.0,0,0.0,0,0.0,293654570.12,781683480.8374265,1,0.0,1,0.0,1.0,0.0,1,0.0,1,0.0,1.0,0.0,1,0.0,1,0.0,1.0,0.0
DRB115,117,31.83182850736742,115.0,60,180,47261.2,2285.3191444165373,47798.0,42876,51408,0.02,0.1414213562373095,0.0,0,1,0,0.0,0.0,0,0,0,0.0,0.0,0,0,0,0.0,0.0,0,0,0,0.0,0.0,0,0,0,0.0,0.0,0,0,0,0.0,0.0,0,0,0,0.0,0,0.0,0,0.0,2123244839.56,681746468.3005772,1,0.0,1,0.0,1.0,0.0,1,0.0,1,0.0,1.0,0.0,1,0.0,1,0.0,1.0,0.0
DRB116,62.2,7.899883750113423,60.0,50,100,62378.56,3318.675197688846,62286.0,56700,71348,0,0.0,0.0,0,0,0,0.0,0.0,0,0,0,0.0,0.0,0,0,0,0.0,0.0,0,0,0,0.0,0.0,0,0,0,0.0,0.0,0,0,0,0.0,0.0,0,0,0,0.0,0,0.0,0,0.0,96006914.74,1464847.2027527385,1,0.0,1,0.0,1.0,0.0,1,0.0,1,0.0,1.0,0.0,1,0.0,1,0.0,1.0,0.0
DRB117,27.6,4.314191105869,30.0,20,30,26082,2265.1483710470584,26714.0,23156,29936,0,0.0,0.0,0,0,0,0.0,0.0,0,0,0,0.0,0.0,0,0,0,0.0,0.0,0,0,0,0.0,0.0,0,0,0,0.0,0.0,0,0,0,0.0,0.0,0,0,0,0.0,0,0.0,0,0.0,50696095.04,368603.59282003087,1,0.0,1,0.0,1.0,0.0,1,0.0,1,0.0,1.0,0.0,1,0.0,1,0.0,1.0,0.0
DRB118,115.6,34.295236772854075,110.0,50,210,47582.88,1844.5287727409914,47780.0,42980,50428,0,0.0,0.0,0,0,0,0.0,0.0,0,0,0,0.0,0.0,0,0,0,0.0,0.0,0,0,0,0.0,0.0,0,0,0,0.0,0.0,0,0,0,0.0,0.0,0,0,0,0.0,0,0.0,0,0.0,2372645043.16,920643474.8471831,1,0.0,1,0.0,1.0,0.0,1,0.0,1,0.0,1.0,0.0,1,0.0,1,0.0,1.0,0.0
DRB119,124.6,37.0994251564465,120.0,50,200,47493.36,2573.548790670032,48086.0,40980,52324,0,0.0,0.0,0,0,0,0.0,0.0,0,0,0,0.0,0.0,0,0,0,0.0,0.0,0,0,0,0.0,0.0,0,0,0,0.0,0.0,0,0,0,0.0,0.0,0,0,0,0.0,0,0.0,0,0.0,2397418775.76,875739998.3599105,1,0.0,1,0.0,1.0,0.0,1,0.0,1,0.0,1.0,0.0,1,0.0,1,0.0,1.0,0.0
DRB120,137,39.18819064098629,130.0,70,220,46933.92,2447.209988571325,47164.0,42904,52972,0,0.0,0.0,0,0,0,0.0,0.0,0,0,0,0.0,0.0,0,0,0,0.0,0.0,0,0,0,0.0,0.0,0,0,0,0.0,0.0,0,0,0,0.0,0.0,0,0,0,0.0,0,0.0,0,0.0,3050567895.62,1047649132.0090247,1,0.0,1,0.0,1.0,0.0,1,0.0,1,0.0,1.0,0.0,1,0.0,1,0.0,1.0,0.0
DRB121,130.8,33.79650990313427,125.0,80,210,46801.76,2609.592247138723,47560.0,43012,51768,0,0.0,0.0,0,0,0,0.0,0.0,0,0,0,0.0,0.0,0,0,0,0.0,0.0,0,0,0,0.0,0.0,0,0,0,0.0,0.0,0,0,0,0.0,0.0,0,0,0,0.0,0,0.0,0,0.0,2774925928.36,1001356691.5114559,1,0.0,1,0.0,1.0,0.0,1,0.0,1,0.0,1.0,0.0,1,0.0,1,0.0,1.0,0.0
DRB122,131,36.82556787042926,135.0,50,200,45461.2,2307.1084827160616,45118.0,42732,50284,0,0.0,0.0,0,0,0,0.0,0.0,0,0,0,0.0,0.0,0,0,0,0.0,0.0,0,0,0,0.0,0.0,0,0,0,0.0,0.0,0,0,0,0.0,0.0,0,0,0,0.0,0,0.0,0,0.0,2612241898.82,1100674190.8506024,1,0.0,1,0.0,1.0,0.0,1,0.0,1,0.0,1.0,0.0,1,0.0,1,0.0,1.0,0.0
DRB123,138.8,39.67418324712597,130.0,70,290,48104.72,1918.5306775801962,47732.0,44164,53012,0.02,0.1414213562373095,0.0,0,1,0,0.0,0.0,0,0,0,0.0,0.0,0,0,0,0.0,0.0,0,0,0,0.0,0.0,0,0,0,0.0,0.0,0,0,0,0.0,0.0,0,0,0,0.0,0,0.0,0,0.0,4281348078.56,1384817379.5851424,1,0.0,1,0.0,1.0,0.0,1,0.0,1,0.0,1.0,0.0,1,0.0,1,0.0,1.0,0.0
DRB124,122.6,38.32247701934153,120.0,60,240,48470.56,2131.261389077236,48310.0,43096,52996,0,0.0,0.0,0,0,0,0.0,0.0,0,0,0,0.0,0.0,0,0,0,0.0,0.0,0,0,0,0.0,0.0,0,0,0,0.0,0.0,0,0,0,0.0,0.0,0,0,0,0.0,0,0.0,0,0.0,2223480761.24,721479037.9219791,1,0.0,1,0.0,1.0,0.0,1,0.0,1,0.0,1.0,0.0,1,0.0,1,0.0,1.0,0.0
DRB125,132.2,40.16750641287771,130.0,50,260,44995.44,2570.6043136085445,45128.0,40832,50828,0,0.0,0.0,0,0,0,0.0,0.0,0,0,0,0.0,0.0,0,0,0,0.0,0.0,0,0,0,0.0,0.0,0,0,0,0.0,0.0,0,0,0,0.0,0.0,0,0,0,0.0,0,0.0,0,0.0,3168098577.8,1368870537.08572,1,0.0,1,0.0,1.0,0.0,1,0.0,1,0.0,1.0,0.0,1,0.0,1,0.0,1.0,0.0
DRB126,33,7.889543583705186,30.0,30,80,23744,1816.8542448250425,22822.0,22592,29400,0,0.0,0.0,0,0,0,0.0,0.0,0,0,0,0.0,0.0,0,0,0,0.0,0.0,0,0,0,0.0,0.0,0,0,0,0.0,0.0,0,0,0,0.0,0.0,0,0,0,0.0,0,0.0,0,0.0,47811844.08,3411.9934016731663,1,0.0,1,0.0,1.0,0.0,1,0.0,1,0.0,1.0,0.0,1,0.0,1,0.0,1.0,0.0
DRB127,30.6,3.136356914300021,30.0,30,50,22764.56,102.69196260503287,22764.0,22560,22972,0,0.0,0.0,0,0,0,0.0,0.0,0,0,0,0.0,0.0,0,0,0,0.0,0.0,0,0,0,0.0,0.0,0,0,0,0.0,0.0,0,0,0,0.0,0.0,0,0,0,0.0,0,0.0,0,0.0,48578595.32,6513.410528428001,1,0.0,1,0.0,1.0,0.0,1,0.0,1,0.0,1.0,0.0,1,0.0,1,0.0,1.0,0.0
DRB128,30.8,3.404678653660853,30.0,30,50,22863.2,789.5679004289341,22748.0,22572,28288,0,0.0,0.0,0,0,0,0.0,0.0,0,0,0,0.0,0.0,0,0,0,0.0,0.0,0,0,0,0.0,0.0,0,0,0,0.0,0.0,0,0,0,0.0,0.0,0,0,0,0.0,0,0.0,0,0.0,48583334.86,3168.1911275704824,1,0.0,1,0.0,1.0,0.0,1,0.0,1,0.0,1.0,0.0,1,0.0,1,0.0,1.0,0.0
DRB129,31,8.630747123996123,30.0,20,60,26707.28,1707.7465165820013,27004.0,22628,29464,0,0.0,0.0,0,0,0,0.0,0.0,0,0,0,0.0,0.0,0,0,0,0.0,0.0,0,0,0,0.0,0.0,0,0,0,0.0,0.0,0,0,0,0.0,0.0,0,0,0,0.0,0,0.0,0,0.0,48579240.84,2840.1204010120587,1,0.0,1,0.0,1.0,0.0,1,0.0,1,0.0,1.0,0.0,1,0.0,1,0.0,1.0,0.0
DRB130,24.8,5.436085025840128,20.0,20,40,27305.28,1289.5770393459102,27332.0,23900,29568,0,0.0,0.0,0,0,0,0.0,0.0,0,0,0,0.0,0.0,0,0,0,0.0,0.0,0,0,0,0.0,0.0,0,0,0,0.0,0.0,0,0,0,0.0,0.0,0,0,0,0.0,0,0.0,0,0.0,48579787.14,2527.569769399783,1,0.0,1,0.0,1.0,0.0,1,0.0,1,0.0,1.0,0.0,1,0.0,1,0.0,1.0,0.0
DRB131,115.4,39.65205813429757,100.0,60,230,47326.72,2490.1516308228693,47966.0,42980,52524,0,0.0,0.0,0,0,0,0.0,0.0,0,0,0,0.0,0.0,0,0,0,0.0,0.0,0,0,0,0.0,0.0,0,0,0,0.0,0.0,0,0,0,0.0,0.0,0,0,0,0.0,0,0.0,0,0.0,3114058356.6,1335586609.8292947,1,0.0,1,0.0,1.0,0.0,1,0.0,1,0.0,1.0,0.0,1,0.0,1,0.0,1.0,0.0
DRB132,121.8,35.952917056867015,110.0,70,210,47950.88,2676.0018962196996,48380.0,41220,52408,0.02,0.1414213562373095,0.0,0,1,0,0.0,0.0,0,0,0,0.0,0.0,0,0,0,0.0,0.0,0,0,0,0.0,0.0,0,0,0,0.0,0.0,0,0,0,0.0,0.0,0,0,0,0.0,0,0.0,0,0.0,3575242451.34,1519445269.0322297,1,0.0,1,0.0,1.0,0.0,1,0.0,1,0.0,1.0,0.0,1,0.0,1,0.0,1.0,0.0
DRB133,124.4,35.46541862670377,115.0,50,230,46311.84,2742.5612888059845,46240.0,41140,52584,0,0.0,0.0,0,0,0,0.0,0.0,0,0,0,0.0,0.0,0,0,0,0.0,0.0,0,0,0,0.0,0.0,0,0,0,0.0,0.0,0,0,0,0.0,0.0,0,0,0,0.0,0,0.0,0,0.0,3672399513.66,1448200879.219963,1,0.0,1,0.0,1.0,0.0,1,0.0,1,0.0,1.0,0.0,1,0.0,1,0.0,1.0,0.0
DRB134,140.8,35.33166470196734,140.0,60,230,46655.36,2462.356244721378,46838.0,43000,53316,0,0.0,0.0,0,0,0,0.0,0.0,0,0,0,0.0,0.0,0,0,0,0.0,0.0,0,0,0,0.0,0.0,0,0,0,0.0,0.0,0,0,0,0.0,0.0,0,0,0,0.0,0,0.0,0,0.0,4096612423.14,1219702234.231843,1,0.0,1,0.0,1.0,0.0,1,0.0,1,0.0,1.0,0.0,1,0.0,1,0.0,1.0,0.0
DRB135,126.8,39.09381703814869,125.0,60,220,47810.64,1914.4973205006274,48236.0,43064,50476,0,0.0,0.0,0,0,0,0.0,0.0,0,0,0,0.0,0.0,0,0,0,0.0,0.0,0,0,0,0.0,0.0,0,0,0,0.0,0.0,0,0,0,0.0,0.0,0,0,0,0.0,0,0.0,0,0.0,3606277036.12,1291853931.7970757,1,0.0,1,0.0,1.0,0.0,1,0.0,1,0.0,1.0,0.0,1,0.0,1,0.0,1.0,0.0
DRB136,125.8,46.206722719641085,120.0,60,260,47799.52,2144.2993455358105,47978.0,43140,52516,0.02,0.1414213562373095,0.0,0,1,0,0.0,0.0,0,0,0,0.0,0.0,0,0,0,0.0,0.0,0,0,0,0.0,0.0,0,0,0,0.0,0.0,0,0,0,0.0,0.0,0,0,0,0.0,0,0.0,0,0.0,3560246860.16,1842169958.730944,1,0.0,1,0.0,1.0,0.0,1,0.0,1,0.0,1.0,0.0,1,0.0,1,0.0,1.0,0.0
DRB137,12.8,8.091315576289313,10.0,10,60,23676.24,1450.8800785898811,23884.0,20564,26216,0,0.0,0.0,0,0,0,0.0,0.0,0,0,0,0.0,0.0,0,0,0,0.0,0.0,0,0,0,0.0,0.0,0,0,0,0.0,0.0,0,0,0,0.0,0.0,0,0,0,0.0,0,0.0,0,0.0,30774944,2118.3984323935256,1,0.0,1,0.0,1.0,0.0,1,0.0,1,0.0,1.0,0.0,1,0.0,1,0.0,1.0,0.0
DRB138,15,6.1445180478875905,10.0,10,30,23025.84,2233.980426348029,23500.0,19208,26288,0,0.0,0.0,0,0,0,0.0,0.0,0,0,0,0.0,0.0,0,0,0,0.0,0.0,0,0,0,0.0,0.0,0,0,0,0.0,0.0,0,0,0,0.0,0.0,0,0,0,0.0,0,0.0,0,0.0,30775999.18,2422.2283271771867,1,0.0,1,0.0,1.0,0.0,1,0.0,1,0.0,1.0,0.0,1,0.0,1,0.0,1.0,0.0
DRB139,111.4,33.56443696193083,100.0,50,200,45054,2773.2797646579447,44650.0,40892,52508,0,0.0,0.0,0,0,0,0.0,0.0,0,0,0,0.0,0.0,0,0,0,0.0,0.0,0,0,0,0.0,0.0,0,0,0,0.0,0.0,0,0,0,0.0,0.0,0,0,0,0.0,0,0.0,0,0.0,2077537264.4,1029746844.5715587,1,0.0,1,0.0,1.0,0.0,1,0.0,1,0.0,1.0,0.0,1,0.0,1,0.0,1.0,0.0
DRB140,134,41.649656391752146,130.0,60,260,46320.24,2451.5852643894377,46154.0,41196,52356,0,0.0,0.0,0,0,0,0.0,0.0,0,0,0,0.0,0.0,0,0,0,0.0,0.0,0,0,0,0.0,0.0,0,0,0,0.0,0.0,0,0,0,0.0,0.0,0,0,0,0.0,0,0.0,0,0.0,3039643606.38,1201007697.5257602,1,0.0,1,0.0,1.0,0.0,1,0.0,1,0.0,1.0,0.0,1,0.0,1,0.0,1.0,0.0
DRB141,137.8,38.08100924747298,135.0,70,220,47008.88,2654.0764229342585,47676.0,42872,52760,0,0.0,0.0,0,0,0,0.0,0.0,0,0,0,0.0,0.0,0,0,0,0.0,0.0,0,0,0,0.0,0.0,0,0,0,0.0,0.0,0,0,0,0.0,0.0,0,0,0,0.0,0,0.0,0,0.0,3051938474.68,1228384701.8633015,1,0.0,1,0.0,1.0,0.0,1,0.0,1,0.0,1.0,0.0,1,0.0,1,0.0,1.0,0.0
DRB142,27,4.6291004988627575,30.0,20,30,27380,1345.5321684473138,27378.0,24536,30064,0,0.0,0.0,0,0,0,0.0,0.0,0,0,0,0.0,0.0,0,0,0,0.0,0.0,0,0,0,0.0,0.0,0,0,0,0.0,0.0,0,0,0,0.0,0.0,0,0,0,0.0,0,0.0,0,0.0,48296808.18,50534.582666659764,1,0.0,1,0.0,1.0,0.0,1,0.0,1,0.0,1.0,0.0,1,0.0,1,0.0,1.0,0.0
DRB143,27,6.468132241526726,30.0,20,40,27223.28,2036.0678694433523,27874.0,23052,29956,0,0.0,0.0,0,0,0,0.0,0.0,0,0,0,0.0,0.0,0,0,0,0.0,0.0,0,0,0,0.0,0.0,0,0,0,0.0,0.0,0,0,0,0.0,0.0,0,0,0,0.0,0,0.0,0,0.0,48263696.28,51832.07216246225,1,0.0,1,0.0,1.0,0.0,1,0.0,1,0.0,1.0,0.0,1,0.0,1,0.0,1.0,0.0
DRB144,139.2,37.18898234912143,140.0,70,240,48243.76,1955.766758765952,48182.0,43336,52240,0,0.0,0.0,0,0,0,0.0,0.0,0,0,0,0.0,0.0,0,0,0,0.0,0.0,0,0,0,0.0,0.0,0,0,0,0.0,0.0,0,0,0,0.0,0.0,0,0,0,0.0,0,0.0,0,0.0,2414378162.68,969519430.6327759,1,0.0,1,0.0,1.0,0.0,1,0.0,1,0.0,1.0,0.0,1,0.0,1,0.0,1.0,0.0
DRB145,148,39.27922024247863,150.0,70,280,45851.92,2763.283759646579,45294.0,41152,51488,0,0.0,0.0,0,0,0,0.0,0.0,0,0,0,0.0,0.0,0,0,0,0.0,0.0,0,0,0,0.0,0.0,0,0,0,0.0,0.0,0,0,0,0.0,0.0,0,0,0,0.0,0,0.0,0,0.0,2800172261.44,915831690.7383857,1,0.0,1,0.0,1.0,0.0,1,0.0,1,0.0,1.0,0.0,1,0.0,1,0.0,1.0,0.0
DRB146,50,12.936264483053453,50.0,40,100,43432.48,3173.9316392468577,43836.0,38080,50352,0,0.0,0.0,0,0,0,0.0,0.0,0,0,0,0.0,0.0,0,0,0,0.0,0.0,0,0,0,0.0,0.0,0,0,0,0.0,0.0,0,0,0,0.0,0.0,0,0,0,0.0,0,0.0,0,0.0,57667085.2,24084.192660798264,1,0.0,1,0.0,1.0,0.0,1,0.0,1,0.0,1.0,0.0,1,0.0,1,0.0,1.0,0.0
DRB147,126.4,30.422870022536717,130.0,70,200,46019.04,2821.008019000532,46184.0,40860,53052,0,0.0,0.0,0,0,0,0.0,0.0,0,0,0,0.0,0.0,0,0,0,0.0,0.0,0,0,0,0.0,0.0,0,0,0,0.0,0.0,0,0,0,0.0,0.0,0,0,0,0.0,0,0.0,0,0.0,2310979282.82,842217814.6101471,1,0.0,1,0.0,1.0,0.0,1,0.0,1,0.0,1.0,0.0,1,0.0,1,0.0,1.0,0.0
DRB148,130.6,36.388493359571676,130.0,70,240,47923.76,2066.3704802461375,47500.0,43248,53324,0.02,0.1414213562373095,0.0,0,1,0,0.0,0.0,0,0,0,0.0,0.0,0,0,0,0.0,0.0,0,0,0,0.0,0.0,0,0,0,0.0,0.0,0,0,0,0.0,0.0,0,0,0,0.0,0,0.0,0,0.0,2372341290.4,1002224769.9148312,1,0.0,1,0.0,1.0,0.0,1,0.0,1,0.0,1.0,0.0,1,0.0,1,0.0,1.0,0.0
DRB149,135.4,37.20928126482555,140.0,50,230,48386.56,1920.1718902648443,48110.0,45052,52608,0,0.0,0.0,0,0,0,0.0,0.0,0,0,0,0.0,0.0,0,0,0,0.0,0.0,0,0,0,0.0,0.0,0,0,0,0.0,0.0,0,0,0,0.0,0.0,0,0,0,0.0,0,0.0,0,0.0,2241071356.14,1136565350.8029284,1,0.0,1,0.0,1.0,0.0,1,0.0,1,0.0,1.0,0.0,1,0.0,1,0.0,1.0,0.0
DRB150,131,41.954786158824035,125.0,60,240,46458.32,2414.470808120344,47148.0,41488,51576,0,0.0,0.0,0,0,0,0.0,0.0,0,0,0,0.0,0.0,0,0,0,0.0,0.0,0,0,0,0.0,0.0,0,0,0,0.0,0.0,0,0,0,0.0,0.0,0,0,0,0.0,0,0.0,0,0.0,2294398188.66,909827323.5155681,1,0.0,1,0.0,1.0,0.0,1,0.0,1,0.0,1.0,0.0,1,0.0,1,0.0,1.0,0.0
DRB151,140.6,42.2050388712349,135.0,60,250,47140.24,2659.7688296050796,47228.0,41116,52928,0.5,0.5050762722761054,0.5,0,1,0,0.0,0.0,0,0,0,0.0,0.0,0,0,0,0.0,0.0,0,0,0,0.0,0.0,0,0,0,0.0,0.0,0,0,0,0.0,0.0,0,0,0,0.0,0,0.0,0,0.0,3351100597.52,2318182556.7923884,1,0.0,1,0.0,1.0,0.0,1,0.0,1,0.0,1.0,0.0,1,0.0,1,0.0,1.0,0.0
DRB152,144.6,32.08470930877466,150.0,80,250,47282.96,2306.7433794801514,47832.0,41236,52480,0,0.0,0.0,0,0,0,0.0,0.0,0,0,0,0.0,0.0,0,0,0,0.0,0.0,0,0,0,0.0,0.0,0,0,0,0.0,0.0,0,0,0,0.0,0.0,0,0,0,0.0,0,0.0,0,0.0,2577856900.96,965063102.1450053,1,0.0,1,0.0,1.0,0.0,1,0.0,1,0.0,1.0,0.0,1,0.0,1,0.0,1.0,0.0
DRB153,139.6,33.07135143465241,135.0,60,260,48341.04,2083.415533224621,48422.0,43588,52672,0.6,0.4948716593053935,1.0,0,1,0,0.0,0.0,0,0,0,0.0,0.0,0,0,0,0.0,0.0,0,0,0,0.0,0.0,0,0,0,0.0,0.0,0,0,0,0.0,0.0,0,0,0,0.0,0,0.0,0,0.0,3025906816.26,1214118371.108653,1,0.0,1,0.0,1.0,0.0,1,0.0,1,0.0,1.0,0.0,1,0.0,1,0.0,1.0,0.0
DRB154,47.4,8.283250865328128,50.0,40,70,44576.24,2641.350601955178,44862.0,38352,50348,0,0.0,0.0,0,0,0,0.0,0.0,0,0,0,0.0,0.0,0,0,0,0.0,0.0,0,0,0,0.0,0.0,0,0,0,0.0,0.0,0,0,0,0.0,0.0,0,0,0,0.0,0,0.0,0,0.0,58321139.42,19371.36454276186,1,0.0,1,0.0,1.0,0.0,1,0.0,1,0.0,1.0,0.0,1,0.0,1,0.0,1.0,0.0
DRB155,123.2,42.782792650068735,120.0,50,230,46450.88,2694.1896713680203,46346.0,40952,52372,0,0.0,0.0,0,0,0,0.0,0.0,0,0,0,0.0,0.0,0,0,0,0.0,0.0,0,0,0,0.0,0.0,0,0,0,0.0,0.0,0,0,0,0.0,0.0,0,0,0,0.0,0,0.0,0,0.0,2009652669.3,886491945.3562903,1,0.0,1,0.0,1.0,0.0,1,0.0,1,0.0,1.0,0.0,1,0.0,1,0.0,1.0,0.0
DRB156,145.2,35.527511616107496,140.0,80,250,45223.04,2447.443922436097,45016.0,41020,50364,0,0.0,0.0,0,0,0,0.0,0.0,0,0,0,0.0,0.0,0,0,0,0.0,0.0,0,0,0,0.0,0.0,0,0,0,0.0,0.0,0,0,0,0.0,0.0,0,0,0,0.0,0,0.0,0,0.0,2960411692,1234801431.080724,1,0.0,1,0.0,1.0,0.0,1,0.0,1,0.0,1.0,0.0,1,0.0,1,0.0,1.0,0.0
DRB157,139,29.640705601780613,140.0,60,200,47102.08,2579.90479052295,47384.0,40928,50788,0,0.0,0.0,0,0,0,0.0,0.0,0,0,0,0.0,0.0,0,0,0,0.0,0.0,0,0,0,0.0,0.0,0,0,0,0.0,0.0,0,0,0,0.0,0.0,0,0,0,0.0,0,0.0,0,0.0,2725187111.4,1119580155.6515477,1,0.0,1,0.0,1.0,0.0,1,0.0,1,0.0,1.0,0.0,1,0.0,1,0.0,1.0,0.0
DRB158,29.8,6.54341856605645,30.0,20,50,25873.76,2048.823680026355,26308.0,22784,29296,0,0.0,0.0,0,0,0,0.0,0.0,0,0,0,0.0,0.0,0,0,0,0.0,0.0,0,0,0,0.0,0.0,0,0,0,0.0,0.0,0,0,0,0.0,0.0,0,0,0,0.0,0,0.0,0,0.0,49500078.98,4630.326239178455,1,0.0,1,0.0,1.0,0.0,1,0.0,1,0.0,1.0,0.0,1,0.0,1,0.0,1.0,0.0
DRB159,198.6,41.35510727781012,195.0,130,310,48047.44,2121.8816462791524,48160.0,41436,52352,0,0.0,0.0,0,0,0,0.0,0.0,0,0,0,0.0,0.0,0,0,0,0.0,0.0,0,0,0,0.0,0.0,0,0,0,0.0,0.0,0,0,0,0.0,0.0,0,0,0,0.0,0,0.0,0,0.0,6897769474.14,1664879362.2489688,1,0.0,1,0.0,1.0,0.0,1,0.0,1,0.0,1.0,0.0,1,0.0,1,0.0,1.0,0.0
DRB160,44.8,5.4360850258401285,40.0,40,60,42853.04,2726.541451011085,42424.0,38180,49012,0,0.0,0.0,0,0,0,0.0,0.0,0,0,0,0.0,0.0,0,0,0,0.0,0.0,0,0,0,0.0,0.0,0,0,0,0.0,0.0,0,0,0,0.0,0.0,0,0,0,0.0,0,0.0,0,0.0,57923744.82,27148.138048447283,1,0.0,1,0.0,1.0,0.0,1,0.0,1,0.0,1.0,0.0,1,0.0,1,0.0,1.0,0.0
DRB161,131.8,42.50762236568488,130.0,70,270,46743.2,2879.6134661245273,47100.0,40840,52960,0,0.0,0.0,0,0,0,0.0,0.0,0,0,0,0.0,0.0,0,0,0,0.0,0.0,0,0,0,0.0,0.0,0,0,0,0.0,0.0,0,0,0,0.0,0.0,0,0,0,0.0,0,0.0,0,0.0,2447041039.82,1294288116.5786974,1,0.0,1,0.0,1.0,0.0,1,0.0,1,0.0,1.0,0.0,1,0.0,1,0.0,1.0,0.0
DRB162,141.2,30.6820428769344,140.0,90,230,47751.44,2560.424966002834,48100.0,42892,52292,0,0.0,0.0,0,0,0,0.0,0.0,0,0,0,0.0,0.0,0,0,0,0.0,0.0,0,0,0,0.0,0.0,0,0,0,0.0,0.0,0,0,0,0.0,0.0,0,0,0,0.0,0,0.0,0,0.0,2901057058.1,926034395.1617755,1,0.0,1,0.0,1.0,0.0,1,0.0,1,0.0,1.0,0.0,1,0.0,1,0.0,1.0,0.0
DRB163,138,32.63902759655961,135.0,70,200,47715.76,2129.7085990188175,47870.0,42740,52296,0,0.0,0.0,0,0,0,0.0,0.0,0,0,0,0.0,0.0,0,0,0,0.0,0.0,0,0,0,0.0,0.0,0,0,0,0.0,0.0,0,0,0,0.0,0.0,0,0,0,0.0,0,0.0,0,0.0,2743028721.16,1025308379.4687918,1,0.0,1,0.0,1.0,0.0,1,0.0,1,0.0,1.0,0.0,1,0.0,1,0.0,1.0,0.0
DRB164,142.2,40.471204174659036,140.0,80,270,47517.04,2793.3013527628805,47340.0,42876,52492,0,0.0,0.0,0,0,0,0.0,0.0,0,0,0,0.0,0.0,0,0,0,0.0,0.0,0,0,0,0.0,0.0,0,0,0,0.0,0.0,0,0,0,0.0,0.0,0,0,0,0.0,0,0.0,0,0.0,2722510392.54,1249021985.5939023,1,0.0,1,0.0,1.0,0.0,1,0.0,1,0.0,1.0,0.0,1,0.0,1,0.0,1.0,0.0
DRB165,140.8,49.06638568390414,130.0,50,270,44910,2328.1425371891187,45172.0,41176,50912,0,0.0,0.0,0,0,0,0.0,0.0,0,0,0,0.0,0.0,0,0,0,0.0,0.0,0,0,0,0.0,0.0,0,0,0,0.0,0.0,0,0,0,0.0,0.0,0,0,0,0.0,0,0.0,0,0.0,3759276339.76,1522098106.4453223,1,0.0,1,0.0,1.0,0.0,1,0.0,1,0.0,1.0,0.0,1,0.0,1,0.0,1.0,0.0
DRB166,131.6,46.30687347049296,115.0,60,280,47832.56,2487.603749533651,48136.0,41092,53152,0,0.0,0.0,0,0,0,0.0,0.0,0,0,0,0.0,0.0,0,0,0,0.0,0.0,0,0,0,0.0,0.0,0,0,0,0.0,0.0,0,0,0,0.0,0.0,0,0,0,0.0,0,0.0,0,0.0,3575218731.34,1503303777.1545982,1,0.0,1,0.0,1.0,0.0,1,0.0,1,0.0,1.0,0.0,1,0.0,1,0.0,1.0,0.0
DRB167,122.2,42.10240188989173,115.0,60,250,47023.92,2296.6546019844445,47582.0,42888,52356,0,0.0,0.0,0,0,0,0.0,0.0,0,0,0,0.0,0.0,0,0,0,0.0,0.0,0,0,0,0.0,0.0,0,0,0,0.0,0.0,0,0,0,0.0,0.0,0,0,0,0.0,0,0.0,0,0.0,3420144948.62,1600050691.273501,1,0.0,1,0.0,1.0,0.0,1,0.0,1,0.0,1.0,0.0,1,0.0,1,0.0,1.0,0.0
DRB168,124.8,39.807701029128644,120.0,70,260,47892.96,2465.341214617116,48076.0,41636,53208,0,0.0,0.0,0,0,0,0.0,0.0,0,0,0,0.0,0.0,0,0,0,0.0,0.0,0,0,0,0.0,0.0,0,0,0,0.0,0.0,0,0,0,0.0,0.0,0,0,0,0.0,0,0.0,0,0.0,3641418783.4,1448796117.7917702,1,0.0,1,0.0,1.0,0.0,1,0.0,1,0.0,1.0,0.0,1,0.0,1,0.0,1.0,0.0
DRB169,147.2,34.93667741173205,150.0,80,250,47297.68,2706.061536323102,47542.0,41516,53600,1.78,1.2001700559776127,2.0,0,6,0,0.0,0.0,0,0,0,0.0,0.0,0,0,0,0.0,0.0,0,0,0,0.0,0.0,0,0,0,0.0,0.0,0,0,0,0.0,0.0,0,0,0,0.0,0,0.0,0,0.0,4326300481.62,2164855476.3012385,1,0.0,1,0.0,1.0,0.0,1,0.0,1,0.0,1.0,0.0,1,0.0,1,0.0,1.0,0.0
DRB170,121.8,34.62274821381964,115.0,60,200,47676.08,2514.134734427959,48092.0,41140,52124,0,0.0,0.0,0,0,0,0.0,0.0,0,0,0,0.0,0.0,0,0,0,0.0,0.0,0,0,0,0.0,0.0,0,0,0,0.0,0.0,0,0,0,0.0,0.0,0,0,0,0.0,0,0.0,0,0.0,2222623721.76,760484631.0686446,1,0.0,1,0.0,1.0,0.0,1,0.0,1,0.0,1.0,0.0,1,0.0,1,0.0,1.0,0.0
DRB171,112.4,33.04665841886379,110.0,50,230,46473.04,2345.7009653354175,46290.0,40944,52488,0,0.0,0.0,0,0,0,0.0,0.0,0,0,0,0.0,0.0,0,0,0,0.0,0.0,0,0,0,0.0,0.0,0,0,0,0.0,0.0,0,0,0,0.0,0.0,0,0,0,0.0,0,0.0,0,0.0,2449716604.66,1056361669.4343833,1,0.0,1,0.0,1.0,0.0,1,0.0,1,0.0,1.0,0.0,1,0.0,1,0.0,1.0,0.0
DRB172,135.8,38.76091024815214,130.0,70,210,47553.44,2720.6318305774157,48270.0,41356,53632,0,0.0,0.0,0,0,0,0.0,0.0,0,0,0,0.0,0.0,0,0,0,0.0,0.0,0,0,0,0.0,0.0,0,0,0,0.0,0.0,0,0,0,0.0,0.0,0,0,0,0.0,0,0.0,0,0.0,2828628225.68,1038090479.1877007,1,0.0,1,0.0,1.0,0.0,1,0.0,1,0.0,1.0,0.0,1,0.0,1,0.0,1.0,0.0
DRB173,122.4,33.900213713130455,120.0,60,190,47449.36,2678.9704522599036,47470.0,41324,53268,0,0.0,0.0,0,0,0,0.0,0.0,0,0,0,0.0,0.0,0,0,0,0.0,0.0,0,0,0,0.0,0.0,0,0,0,0.0,0.0,0,0,0,0.0,0.0,0,0,0,0.0,0,0.0,0,0.0,3559627472.62,1510980561.9704747,1,0.0,1,0.0,1.0,0.0,1,0.0,1,0.0,1.0,0.0,1,0.0,1,0.0,1.0,0.0
DRB174,128.2,35.89610859473347,130.0,60,210,45972.24,2485.128917610283,45560.0,43048,52976,0,0.0,0.0,0,0,0,0.0,0.0,0,0,0,0.0,0.0,0,0,0,0.0,0.0,0,0,0,0.0,0.0,0,0,0,0.0,0.0,0,0,0,0.0,0.0,0,0,0,0.0,0,0.0,0,0.0,3378339344.56,1467837434.508081,1,0.0,1,0.0,1.0,0.0,1,0.0,1,0.0,1.0,0.0,1,0.0,1,0.0,1.0,0.0
DRB175,163.6,35.15330855041694,160.0,100,250,54596.48,3802.598092711597,54732.0,48076,62928,0.54,0.542481072744215,1.0,0,2,0,0.0,0.0,0,0,0,0.0,0.0,0,0,0,0.0,0.0,0,0,0,0.0,0.0,0,0,0,0.0,0.0,0,0,0,0.0,0.0,0,0,0,0.0,0,0.0,0,0.0,5393653130.6,1831675669.0991757,1,0.0,1,0.0,1.0,0.0,1,0.0,1,0.0,1.0,0.0,1,0.0,1,0.0,1.0,0.0
DRB176,229.4,62.08650975757577,235.0,120,380,53202.64,3690.4036268380714,52336.0,46828,62576,0,0.0,0.0,0,0,0,0.0,0.0,0,0,0,0.0,0.0,0,0,0,0.0,0.0,0,0,0,0.0,0.0,0,0,0,0.0,0.0,0,0,0,0.0,0.0,0,0,0,0.0,0,0.0,0,0.0,8246011944.7,3173210332.31269,1,0.0,1,0.0,1.0,0.0,1,0.0,1,0.0,1.0,0.0,1,0.0,1,0.0,1.0,0.0
DRB177,222.2,46.9167739030444,220.0,130,340,53987.36,3563.0561850691024,53686.0,47700,64224,0.06,0.2398979374820952,0.0,0,1,0,0.0,0.0,0,0,0,0.0,0.0,0,0,0,0.0,0.0,0,0,0,0.0,0.0,0,0,0,0.0,0.0,0,0,0,0.0,0.0,0,0,0,0.0,0,0.0,0,0.0,7949379027.56,2275785502.3754025,1,0.0,1,0.0,1.0,0.0,1,0.0,1,0.0,1.0,0.0,1,0.0,1,0.0,1.0,0.0
DRB178,111.4,30.97134949910834,110.0,50,190,47460,2281.0991979789937,47564.0,42852,52988,0,0.0,0.0,0,0,0,0.0,0.0,0,0,0,0.0,0.0,0,0,0,0.0,0.0,0,0,0,0.0,0.0,0,0,0,0.0,0.0,0,0,0,0.0,0.0,0,0,0,0.0,0,0.0,0,0.0,2236275488.58,917076224.8384539,1,0.0,1,0.0,1.0,0.0,1,0.0,1,0.0,1.0,0.0,1,0.0,1,0.0,1.0,0.0
DRB179,125.8,39.17985738220337,130.0,50,250,45453.12,2698.744444578415,45082.0,40836,50856,0,0.0,0.0,0,0,0,0.0,0.0,0,0,0,0.0,0.0,0,0,0,0.0,0.0,0,0,0,0.0,0.0,0,0,0,0.0,0.0,0,0,0,0.0,0.0,0,0,0,0.0,0,0.0,0,0.0,2577688667.96,1191091640.6237388,1,0.0,1,0.0,1.0,0.0,1,0.0,1,0.0,1.0,0.0,1,0.0,1,0.0,1.0,0.0
