name,duration,duration_stdev,duration_median,duration_min,duration_max,memory,memory_stdev,memory_median,memory_min,memory_max,num_warnings,num_warnings_stdev,num_warnings_median,num_warnings_min,num_warnings_max,num_locks_mean,num_locks_stdev,num_locks_median,num_locks_max,num_locks_min,num_accesses_mean,num_accesses_stdev,num_accesses_median,num_accesses_max,num_accesses_min,num_atomic_stores_mean,num_atomic_stores_stdev,num_atomic_stores_median,num_atomic_stores_max,num_atomic_stores_min,context_switches,context_switches_stdev,migrations,migrations_stdev,page_faults,page_faults_stdev,instructions,instructions_stdev,branches,branches_stdev,branch_misses,branch_misses_stdev,branch_miss_rate,branch_miss_rate_stdev,l1_loads,l1_loads_stdev,l1_load_misses,l1_load_misses_stdev,l1_miss_rate,l1_miss_rate_stdev,llc_loads,llc_loads_stdev,llc_load_misses,llc_load_misses_stdev,llc_miss_rate,llc_miss_rate_stdev
OmpSCR-fft,113,42.4394994210713,105.0,80,220,51449.2,1384.7988060845998,51308.0,49200,54480,0,0.0,0.0,0,0,0,0.0,0.0,0,0,0,0.0,0.0,0,0,0,0.0,0.0,0,0,0,0.0,0,0.0,0,0.0,3312829978.7,1245270162.786519,1,0.0,1,0.0,1.0,0.0,1,0.0,1,0.0,1.0,0.0,1,0.0,1,0.0,1.0,0.0
OmpSCR-fft6,940,80.13876853447539,925.0,860,1110,491946,3497.9350098784475,490974.0,487544,496808,0,0.0,0.0,0,0,0,0.0,0.0,0,0,0,0.0,0.0,0,0,0,0.0,0.0,0,0,0,0.0,0,0.0,0,0.0,167623981398.5,6458801765.170427,1,0.0,1,0.0,1.0,0.0,1,0.0,1,0.0,1.0,0.0,1,0.0,1,0.0,1.0,0.0
DRB001,82,20.97617696340303,80.0,50,120,47685.2,2034.3241738829247,47710.0,44860,50712,0,0.0,0.0,0,0,0,0.0,0.0,0,0,0,0.0,0.0,0,0,0,0.0,0.0,0,0,0,0.0,0,0.0,0,0.0,1778776921.2,1012966261.2808416,1,0.0,1,0.0,1.0,0.0,1,0.0,1,0.0,1.0,0.0,1,0.0,1,0.0,1.0,0.0
DRB002,98,23.475755815545345,105.0,60,120,48220,1850.9721169638883,48072.0,45520,51396,0,0.0,0.0,0,0,0,0.0,0.0,0,0,0,0.0,0.0,0,0,0,0.0,0.0,0,0,0,0.0,0,0.0,0,0.0,2097346098.6,1135475250.7256913,1,0.0,1,0.0,1.0,0.0,1,0.0,1,0.0,1.0,0.0,1,0.0,1,0.0,1.0,0.0
DRB003,98,17.511900715418264,100.0,70,120,48168.4,2138.7925565608275,49104.0,43440,50680,0,0.0,0.0,0,0,0,0.0,0.0,0,0,0,0.0,0.0,0,0,0,0.0,0.0,0,0,0,0.0,0,0.0,0,0.0,1818528315.6,665846612.7734883,1,0.0,1,0.0,1.0,0.0,1,0.0,1,0.0,1.0,0.0,1,0.0,1,0.0,1.0,0.0
DRB004,100,14.907119849998598,105.0,80,120,47956.4,1609.1034909055554,48222.0,45448,49864,0,0.0,0.0,0,0,0,0.0,0.0,0,0,0,0.0,0.0,0,0,0,0.0,0.0,0,0,0,0.0,0,0.0,0,0.0,1918259550.2,593448385.8652153,1,0.0,1,0.0,1.0,0.0,1,0.0,1,0.0,1.0,0.0,1,0.0,1,0.0,1.0,0.0
DRB005,94,23.664319132398465,95.0,60,150,47249.6,1390.2149474092128,47666.0,43932,49120,0,0.0,0.0,0,0,0,0.0,0.0,0,0,0,0.0,0.0,0,0,0,0.0,0.0,0,0,0,0.0,0,0.0,0,0.0,2049262064.3,836270657.8866261,1,0.0,1,0.0,1.0,0.0,1,0.0,1,0.0,1.0,0.0,1,0.0,1,0.0,1.0,0.0
DRB006,94,22.211108331943574,90.0,60,130,48670.8,2341.71147288094,48306.0,45840,52644,0,0.0,0.0,0,0,0,0.0,0.0,0,0,0,0.0,0.0,0,0,0,0.0,0.0,0,0,0,0.0,0,0.0,0,0.0,1614747102.2,591360836.5936999,1,0.0,1,0.0,1.0,0.0,1,0.0,1,0.0,1.0,0.0,1,0.0,1,0.0,1.0,0.0
DRB007,98,15.491933384829668,100.0,70,120,47922.8,1939.3561818294236,47430.0,45912,51508,0,0.0,0.0,0,0,0,0.0,0.0,0,0,0,0.0,0.0,0,0,0,0.0,0.0,0,0,0,0.0,0,0.0,0,0.0,2049573094.2,619422267.3624005,1,0.0,1,0.0,1.0,0.0,1,0.0,1,0.0,1.0,0.0,1,0.0,1,0.0,1.0,0.0
DRB008,87,28.69378562220979,85.0,40,140,47500,2001.8915499541372,46622.0,45724,51368,0,0.0,0.0,0,0,0,0.0,0.0,0,0,0,0.0,0.0,0,0,0,0.0,0.0,0,0,0,0.0,0,0.0,0,0.0,1667678716.5,721090283.2232705,1,0.0,1,0.0,1.0,0.0,1,0.0,1,0.0,1.0,0.0,1,0.0,1,0.0,1.0,0.0
DRB009,80,16.99673171197595,75.0,60,110,47842.8,1812.5263400384927,47636.0,44760,51208,0,0.0,0.0,0,0,0,0.0,0.0,0,0,0,0.0,0.0,0,0,0,0.0,0.0,0,0,0,0.0,0,0.0,0,0.0,1783351662.1,631249116.0160111,1,0.0,1,0.0,1.0,0.0,1,0.0,1,0.0,1.0,0.0,1,0.0,1,0.0,1.0,0.0
DRB010,90,20.0,95.0,60,120,48022.8,1984.4883359585551,48618.0,45760,51288,0,0.0,0.0,0,0,0,0.0,0.0,0,0,0,0.0,0.0,0,0,0,0.0,0.0,0,0,0,0.0,0,0.0,0,0.0,1825391892.5,529956393.35183746,1,0.0,1,0.0,1.0,0.0,1,0.0,1,0.0,1.0,0.0,1,0.0,1,0.0,1.0,0.0
DRB011,96,15.05545305418162,100.0,70,110,47265.2,3100.225110106254,47702.0,42780,52672,0,0.0,0.0,0,0,0,0.0,0.0,0,0,0,0.0,0.0,0,0,0,0.0,0.0,0,0,0,0.0,0,0.0,0,0.0,2078061378.1,602626387.622628,1,0.0,1,0.0,1.0,0.0,1,0.0,1,0.0,1.0,0.0,1,0.0,1,0.0,1.0,0.0
DRB012,89,22.82785822435191,85.0,60,130,47771.6,1412.3461332123936,47478.0,45516,49916,0,0.0,0.0,0,0,0,0.0,0.0,0,0,0,0.0,0.0,0,0,0,0.0,0.0,0,0,0,0.0,0,0.0,0,0.0,1995318769,950178147.4041517,1,0.0,1,0.0,1.0,0.0,1,0.0,1,0.0,1.0,0.0,1,0.0,1,0.0,1.0,0.0
DRB013,90,12.47219128924647,90.0,70,110,48830.8,2104.207890025233,48360.0,46372,52768,0,0.0,0.0,0,0,0,0.0,0.0,0,0,0,0.0,0.0,0,0,0,0.0,0.0,0,0,0,0.0,0,0.0,0,0.0,2098914718.1,504524043.5965631,1,0.0,1,0.0,1.0,0.0,1,0.0,1,0.0,1.0,0.0,1,0.0,1,0.0,1.0,0.0
DRB014,87,18.88562063228706,80.0,60,130,48230.8,2245.3880040850154,48412.0,45020,52448,0,0.0,0.0,0,0,0,0.0,0.0,0,0,0,0.0,0.0,0,0,0,0.0,0.0,0,0,0,0.0,0,0.0,0,0.0,1800826828.8,764752581.9045471,1,0.0,1,0.0,1.0,0.0,1,0.0,1,0.0,1.0,0.0,1,0.0,1,0.0,1.0,0.0
DRB015,90,13.333333333333334,90.0,70,110,47232.8,1646.888298175279,47638.0,44804,48884,0,0.0,0.0,0,0,0,0.0,0.0,0,0,0,0.0,0.0,0,0,0,0.0,0.0,0,0,0,0.0,0,0.0,0,0.0,1908345489.8,628838741.3927914,1,0.0,1,0.0,1.0,0.0,1,0.0,1,0.0,1.0,0.0,1,0.0,1,0.0,1.0,0.0
DRB016,88,20.439612955674523,85.0,60,120,47692.4,1555.2159692824373,47266.0,44908,50096,0,0.0,0.0,0,0,0,0.0,0.0,0,0,0,0.0,0.0,0,0,0,0.0,0.0,0,0,0,0.0,0,0.0,0,0.0,1888108529.3,1056632294.8799524,1,0.0,1,0.0,1.0,0.0,1,0.0,1,0.0,1.0,0.0,1,0.0,1,0.0,1.0,0.0
DRB017,92,17.511900715418264,90.0,70,120,47370,1514.8805600149178,47356.0,44976,50244,0,0.0,0.0,0,0,0,0.0,0.0,0,0,0,0.0,0.0,0,0,0,0.0,0.0,0,0,0,0.0,0,0.0,0,0.0,1874632392.6,531564627.0046379,1,0.0,1,0.0,1.0,0.0,1,0.0,1,0.0,1.0,0.0,1,0.0,1,0.0,1.0,0.0
DRB018,76,16.46545204697129,75.0,50,100,47850,1140.4174674214703,47642.0,45672,49424,0,0.0,0.0,0,0,0,0.0,0.0,0,0,0,0.0,0.0,0,0,0,0.0,0.0,0,0,0,0.0,0,0.0,0,0.0,1666618325.4,753655239.9424304,1,0.0,1,0.0,1.0,0.0,1,0.0,1,0.0,1.0,0.0,1,0.0,1,0.0,1.0,0.0
DRB019,77,19.46506842754191,80.0,40,100,47702,2388.0385256523814,47026.0,43860,52216,0,0.0,0.0,0,0,0,0.0,0.0,0,0,0,0.0,0.0,0,0,0,0.0,0.0,0,0,0,0.0,0,0.0,0,0.0,1556024237.9,827658040.4700094,1,0.0,1,0.0,1.0,0.0,1,0.0,1,0.0,1.0,0.0,1,0.0,1,0.0,1.0,0.0
DRB020,90,20.0,90.0,50,120,48341.2,2172.285268763955,48826.0,45276,52060,0,0.0,0.0,0,0,0,0.0,0.0,0,0,0,0.0,0.0,0,0,0,0.0,0.0,0,0,0,0.0,0,0.0,0,0.0,1799418769.4,647296632.5476187,1,0.0,1,0.0,1.0,0.0,1,0.0,1,0.0,1.0,0.0,1,0.0,1,0.0,1.0,0.0
DRB021,76,15.77621275493231,75.0,50,100,47406.8,1745.3074100443039,47638.0,44856,50656,0,0.0,0.0,0,0,0,0.0,0.0,0,0,0,0.0,0.0,0,0,0,0.0,0.0,0,0,0,0.0,0,0.0,0,0.0,1455495631.9,687996243.2489281,1,0.0,1,0.0,1.0,0.0,1,0.0,1,0.0,1.0,0.0,1,0.0,1,0.0,1.0,0.0
DRB022,93,21.628170930011112,95.0,50,120,48603.2,2665.2968481744933,48078.0,45956,52988,0,0.0,0.0,0,0,0,0.0,0.0,0,0,0,0.0,0.0,0,0,0,0.0,0.0,0,0,0,0.0,0,0.0,0,0.0,2081541437.9,1027528451.7666495,1,0.0,1,0.0,1.0,0.0,1,0.0,1,0.0,1.0,0.0,1,0.0,1,0.0,1.0,0.0
DRB023,89,32.47221034122014,80.0,50,160,46362.4,2176.03774477068,46558.0,43736,49644,0,0.0,0.0,0,0,0,0.0,0.0,0,0,0,0.0,0.0,0,0,0,0.0,0.0,0,0,0,0.0,0,0.0,0,0.0,1770507966.2,809063565.9390914,1,0.0,1,0.0,1.0,0.0,1,0.0,1,0.0,1.0,0.0,1,0.0,1,0.0,1.0,0.0
DRB024,16,5.163977794943222,20.0,10,20,24269.2,1036.944314373299,24182.0,22540,25892,0,0.0,0.0,0,0,0,0.0,0.0,0,0,0,0.0,0.0,0,0,0,0.0,0.0,0,0,0,0.0,0,0.0,0,0.0,31341066.5,1778.1935433967187,1,0.0,1,0.0,1.0,0.0,1,0.0,1,0.0,1.0,0.0,1,0.0,1,0.0,1.0,0.0
DRB025,16,5.163977794943222,20.0,10,20,23357.2,1321.9474523091553,23328.0,21824,25744,0,0.0,0.0,0,0,0,0.0,0.0,0,0,0,0.0,0.0,0,0,0,0.0,0.0,0,0,0,0.0,0,0.0,0,0.0,31040663.9,1603.4644055918423,1,0.0,1,0.0,1.0,0.0,1,0.0,1,0.0,1.0,0.0,1,0.0,1,0.0,1.0,0.0
DRB026,104,18.37873166945363,105.0,70,130,47632.8,1480.7911398978588,47562.0,45384,50628,0,0.0,0.0,0,0,0,0.0,0.0,0,0,0,0.0,0.0,0,0,0,0.0,0.0,0,0,0,0.0,0,0.0,0,0.0,2149501328.8,674038196.7848254,1,0.0,1,0.0,1.0,0.0,1,0.0,1,0.0,1.0,0.0,1,0.0,1,0.0,1.0,0.0
DRB027,98,16.865480854231357,95.0,80,120,47724.8,1181.4835118988706,47428.0,45968,49396,0,0.0,0.0,0,0,0,0.0,0.0,0,0,0,0.0,0.0,0,0,0,0.0,0.0,0,0,0,0.0,0,0.0,0,0.0,3030448409.9,981448814.5803945,1,0.0,1,0.0,1.0,0.0,1,0.0,1,0.0,1.0,0.0,1,0.0,1,0.0,1.0,0.0
DRB028,100,27.0801280154532,95.0,60,140,47790.8,1872.9864922097008,47484.0,45840,52624,0,0.0,0.0,0,0,0,0.0,0.0,0,0,0,0.0,0.0,0,0,0,0.0,0.0,0,0,0,0.0,0,0.0,0,0.0,2306509749.7,865397550.5864178,1,0.0,1,0.0,1.0,0.0,1,0.0,1,0.0,1.0,0.0,1,0.0,1,0.0,1.0,0.0
DRB029,91,21.31770260709264,90.0,60,120,48240,2133.464162655031,47496.0,45672,51984,0,0.0,0.0,0,0,0,0.0,0.0,0,0,0,0.0,0.0,0,0,0,0.0,0.0,0,0,0,0.0,0,0.0,0,0.0,2136449712.1,1069516437.6461202,1,0.0,1,0.0,1.0,0.0,1,0.0,1,0.0,1.0,0.0,1,0.0,1,0.0,1.0,0.0
DRB030,90,21.081851067789195,90.0,60,120,48158,1912.687231212789,48132.0,45152,51828,0,0.0,0.0,0,0,0,0.0,0.0,0,0,0,0.0,0.0,0,0,0,0.0,0.0,0,0,0,0.0,0,0.0,0,0.0,1787356691.7,518496134.615099,1,0.0,1,0.0,1.0,0.0,1,0.0,1,0.0,1.0,0.0,1,0.0,1,0.0,1.0,0.0
DRB031,79,18.52925614624973,85.0,50,110,58925.6,1457.5244766383857,58970.0,55900,61416,0,0.0,0.0,0,0,0,0.0,0.0,0,0,0,0.0,0.0,0,0,0,0.0,0.0,0,0,0,0.0,0,0.0,0,0.0,1602485689.7,940481457.0371956,1,0.0,1,0.0,1.0,0.0,1,0.0,1,0.0,1.0,0.0,1,0.0,1,0.0,1.0,0.0
DRB032,80,16.32993161855452,80.0,50,110,59723.2,1905.4259832850444,60174.0,55832,61596,0,0.0,0.0,0,0,0,0.0,0.0,0,0,0,0.0,0.0,0,0,0,0.0,0.0,0,0,0,0.0,0,0.0,0,0.0,1524786949.2,785723439.1832104,1,0.0,1,0.0,1.0,0.0,1,0.0,1,0.0,1.0,0.0,1,0.0,1,0.0,1.0,0.0
DRB033,83,26.687491868330792,80.0,50,130,47548.8,1674.0984173910178,47362.0,44728,49848,0,0.0,0.0,0,0,0,0.0,0.0,0,0,0,0.0,0.0,0,0,0,0.0,0.0,0,0,0,0.0,0,0.0,0,0.0,1756824383.7,1092092737.6227126,1,0.0,1,0.0,1.0,0.0,1,0.0,1,0.0,1.0,0.0,1,0.0,1,0.0,1.0,0.0
DRB034,90,18.856180831641268,85.0,70,130,46958.4,922.2006530275526,46988.0,45884,48908,0,0.0,0.0,0,0,0,0.0,0.0,0,0,0,0.0,0.0,0,0,0,0.0,0.0,0,0,0,0.0,0,0.0,0,0.0,2135006636.3,1169313745.7646825,1,0.0,1,0.0,1.0,0.0,1,0.0,1,0.0,1.0,0.0,1,0.0,1,0.0,1.0,0.0
DRB035,80,17.638342073763937,80.0,50,120,47736.8,2014.7542888512346,47198.0,45532,51392,0,0.0,0.0,0,0,0,0.0,0.0,0,0,0,0.0,0.0,0,0,0,0.0,0.0,0,0,0,0.0,0,0.0,0,0.0,1915226804,843312571.690208,1,0.0,1,0.0,1.0,0.0,1,0.0,1,0.0,1.0,0.0,1,0.0,1,0.0,1.0,0.0
DRB036,95,11.785113019775793,90.0,80,110,47512,1083.579254138801,47536.0,45964,49620,0,0.0,0.0,0,0,0,0.0,0.0,0,0,0,0.0,0.0,0,0,0,0.0,0.0,0,0,0,0.0,0,0.0,0,0.0,2113336163.5,636683431.2877303,1,0.0,1,0.0,1.0,0.0,1,0.0,1,0.0,1.0,0.0,1,0.0,1,0.0,1.0,0.0
DRB037,382,45.16635916254486,380.0,310,460,83171.2,1199.6277941280139,83422.0,80916,84844,0,0.0,0.0,0,0,0,0.0,0.0,0,0,0,0.0,0.0,0,0,0,0.0,0.0,0,0,0,0.0,0,0.0,0,0.0,13863789485.4,1568612680.989845,1,0.0,1,0.0,1.0,0.0,1,0.0,1,0.0,1.0,0.0,1,0.0,1,0.0,1.0,0.0
DRB038,355,78.7753486539765,330.0,270,520,82863.6,1628.296942616221,82814.0,79808,85424,0,0.0,0.0,0,0,0,0.0,0.0,0,0,0,0.0,0.0,0,0,0,0.0,0.0,0,0,0,0.0,0,0.0,0,0.0,16974028793.4,4057116629.0505004,1,0.0,1,0.0,1.0,0.0,1,0.0,1,0.0,1.0,0.0,1,0.0,1,0.0,1.0,0.0
DRB039,88,16.193277068654826,85.0,70,130,48325.6,2639.307788038371,48278.0,42988,52024,0,0.0,0.0,0,0,0,0.0,0.0,0,0,0,0.0,0.0,0,0,0,0.0,0.0,0,0,0,0.0,0,0.0,0,0.0,1788753183.2,487935622.70553845,1,0.0,1,0.0,1.0,0.0,1,0.0,1,0.0,1.0,0.0,1,0.0,1,0.0,1.0,0.0
DRB040,83,18.88562063228706,80.0,50,110,46814.8,2225.7515484787505,46428.0,43844,51028,0,0.0,0.0,0,0,0,0.0,0.0,0,0,0,0.0,0.0,0,0,0,0.0,0.0,0,0,0,0.0,0,0.0,0,0.0,1616411874.3,761053413.4048244,1,0.0,1,0.0,1.0,0.0,1,0.0,1,0.0,1.0,0.0,1,0.0,1,0.0,1.0,0.0
DRB041,178,53.707024162994216,165.0,110,280,83836,2274.819846346812,83656.0,80624,88216,0,0.0,0.0,0,0,0,0.0,0.0,0,0,0,0.0,0.0,0,0,0,0.0,0.0,0,0,0,0.0,0,0.0,0,0.0,6801071189,2553257042.568714,1,0.0,1,0.0,1.0,0.0,1,0.0,1,0.0,1.0,0.0,1,0.0,1,0.0,1.0,0.0
DRB042,130,21.081851067789195,120.0,100,160,53430.4,2054.5573840719185,53410.0,50724,56756,0,0.0,0.0,0,0,0,0.0,0.0,0,0,0,0.0,0.0,0,0,0,0.0,0.0,0,0,0,0.0,0,0.0,0,0.0,4509692666.6,1250558698.2995455,1,0.0,1,0.0,1.0,0.0,1,0.0,1,0.0,1.0,0.0,1,0.0,1,0.0,1.0,0.0
DRB043,212,43.15347288715269,205.0,150,270,102062.4,642.7170104762714,101980.0,101144,103096,0,0.0,0.0,0,0,0,0.0,0.0,0,0,0,0.0,0.0,0,0,0,0.0,0.0,0,0,0,0.0,0,0.0,0,0.0,9262549509.1,1979205876.923707,1,0.0,1,0.0,1.0,0.0,1,0.0,1,0.0,1.0,0.0,1,0.0,1,0.0,1.0,0.0
DRB044,200,56.96002496878354,190.0,130,340,77543.6,1589.735351839698,77634.0,75152,80632,0,0.0,0.0,0,0,0,0.0,0.0,0,0,0,0.0,0.0,0,0,0,0.0,0.0,0,0,0,0.0,0,0.0,0,0.0,7540799724.2,3536810141.2852507,1,0.0,1,0.0,1.0,0.0,1,0.0,1,0.0,1.0,0.0,1,0.0,1,0.0,1.0,0.0
DRB045,74,18.973665961010276,70.0,50,110,48110.4,1940.2159788138135,48622.0,45008,50388,0,0.0,0.0,0,0,0,0.0,0.0,0,0,0,0.0,0.0,0,0,0,0.0,0.0,0,0,0,0.0,0,0.0,0,0.0,1374631231.7,806047249.3063258,1,0.0,1,0.0,1.0,0.0,1,0.0,1,0.0,1.0,0.0,1,0.0,1,0.0,1.0,0.0
DRB046,84,26.74987019698517,80.0,50,150,47461.6,1917.6756300850834,47450.0,45244,50212,0,0.0,0.0,0,0,0,0.0,0.0,0,0,0,0.0,0.0,0,0,0,0.0,0.0,0,0,0,0.0,0,0.0,0,0.0,1709479160.1,738589794.8494123,1,0.0,1,0.0,1.0,0.0,1,0.0,1,0.0,1.0,0.0,1,0.0,1,0.0,1.0,0.0
DRB047,93,24.06010991015812,95.0,60,120,48268.4,2245.4936205654203,49178.0,43856,51136,0,0.0,0.0,0,0,0,0.0,0.0,0,0,0,0.0,0.0,0,0,0,0.0,0.0,0,0,0,0.0,0,0.0,0,0.0,1971907265.7,1147377624.5296574,1,0.0,1,0.0,1.0,0.0,1,0.0,1,0.0,1.0,0.0,1,0.0,1,0.0,1.0,0.0
DRB048,81,19.692073983655906,75.0,60,130,47988,2161.6355947394195,47668.0,45000,51884,0,0.0,0.0,0,0,0,0.0,0.0,0,0,0,0.0,0.0,0,0,0,0.0,0.0,0,0,0,0.0,0,0.0,0,0.0,1873900061,566494100.3902515,1,0.0,1,0.0,1.0,0.0,1,0.0,1,0.0,1.0,0.0,1,0.0,1,0.0,1.0,0.0
DRB049,95,11.785113019775793,95.0,80,120,47528.4,1298.6618069724268,47280.0,46036,49312,0,0.0,0.0,0,0,0,0.0,0.0,0,0,0,0.0,0.0,0,0,0,0.0,0.0,0,0,0,0.0,0,0.0,0,0.0,2426518193.2,417868733.4937293,1,0.0,1,0.0,1.0,0.0,1,0.0,1,0.0,1.0,0.0,1,0.0,1,0.0,1.0,0.0
DRB050,87,14.944341180973263,85.0,70,120,47930,2221.010180575997,47910.0,42684,50688,0,0.0,0.0,0,0,0,0.0,0.0,0,0,0,0.0,0.0,0,0,0,0.0,0.0,0,0,0,0.0,0,0.0,0,0.0,1874694488.1,602402797.1204258,1,0.0,1,0.0,1.0,0.0,1,0.0,1,0.0,1.0,0.0,1,0.0,1,0.0,1.0,0.0
DRB051,78,13.165611772087667,80.0,60,100,47453.2,1821.3802336567605,47554.0,44508,50000,0,0.0,0.0,0,0,0,0.0,0.0,0,0,0,0.0,0.0,0,0,0,0.0,0.0,0,0,0,0.0,0,0.0,0,0.0,1807133380,512954509.2985053,1,0.0,1,0.0,1.0,0.0,1,0.0,1,0.0,1.0,0.0,1,0.0,1,0.0,1.0,0.0
DRB052,83,21.628170930011112,85.0,40,110,47850.8,2210.768835596441,47802.0,45112,50568,0,0.0,0.0,0,0,0,0.0,0.0,0,0,0,0.0,0.0,0,0,0,0.0,0.0,0,0,0,0.0,0,0.0,0,0.0,1812226660.1,956156698.7371275,1,0.0,1,0.0,1.0,0.0,1,0.0,1,0.0,1.0,0.0,1,0.0,1,0.0,1.0,0.0
DRB053,92,27.80887148615228,85.0,70,150,47874.4,2718.867868964744,47838.0,42616,52192,0,0.0,0.0,0,0,0,0.0,0.0,0,0,0,0.0,0.0,0,0,0,0.0,0.0,0,0,0,0.0,0,0.0,0,0.0,2088995753.5,685474627.2289853,1,0.0,1,0.0,1.0,0.0,1,0.0,1,0.0,1.0,0.0,1,0.0,1,0.0,1.0,0.0
DRB054,126,36.87817782917155,110.0,80,190,49350,1130.2078471581135,49368.0,47140,51164,0,0.0,0.0,0,0,0,0.0,0.0,0,0,0,0.0,0.0,0,0,0,0.0,0.0,0,0,0,0.0,0,0.0,0,0.0,3710024419.9,1032192072.1582974,1,0.0,1,0.0,1.0,0.0,1,0.0,1,0.0,1.0,0.0,1,0.0,1,0.0,1.0,0.0
DRB055,266,42.47875285886398,280.0,180,310,59404,2064.0844082654285,59366.0,56532,63744,0,0.0,0.0,0,0,0,0.0,0.0,0,0,0,0.0,0.0,0,0,0,0.0,0.0,0,0,0,0.0,0,0.0,0,0.0,13282362785.1,2054557703.8983266,1,0.0,1,0.0,1.0,0.0,1,0.0,1,0.0,1.0,0.0,1,0.0,1,0.0,1.0,0.0
DRB056,112,34.25395354310701,100.0,80,180,61129.2,2027.5673875635086,61104.0,57856,63920,0,0.0,0.0,0,0,0,0.0,0.0,0,0,0,0.0,0.0,0,0,0,0.0,0.0,0,0,0,0.0,0,0.0,0,0.0,3180317025.6,1325928987.8000145,1,0.0,1,0.0,1.0,0.0,1,0.0,1,0.0,1.0,0.0,1,0.0,1,0.0,1.0,0.0
DRB057,80,16.32993161855452,90.0,40,90,48689.6,1404.8059731586502,48616.0,46896,51888,0,0.0,0.0,0,0,0,0.0,0.0,0,0,0,0.0,0.0,0,0,0,0.0,0.0,0,0,0,0.0,0,0.0,0,0.0,1778318425.8,769584282.379242,1,0.0,1,0.0,1.0,0.0,1,0.0,1,0.0,1.0,0.0,1,0.0,1,0.0,1.0,0.0
DRB058,3894,414.03703538049183,3865.0,3340,4830,100277.6,1775.7959842779737,100344.0,97788,104256,0,0.0,0.0,0,0,0,0.0,0.0,0,0,0,0.0,0.0,0,0,0,0.0,0.0,0,0,0,0.0,0,0.0,0,0.0,158462510644.8,24389821497.480675,1,0.0,1,0.0,1.0,0.0,1,0.0,1,0.0,1.0,0.0,1,0.0,1,0.0,1.0,0.0
DRB059,98,16.865480854231357,90.0,80,130,48082,2454.576677691424,48952.0,42680,51196,0,0.0,0.0,0,0,0,0.0,0.0,0,0,0,0.0,0.0,0,0,0,0.0,0.0,0,0,0,0.0,0,0.0,0,0.0,2433331332.6,873005917.9001259,1,0.0,1,0.0,1.0,0.0,1,0.0,1,0.0,1.0,0.0,1,0.0,1,0.0,1.0,0.0
DRB060,99,17.28840330651992,100.0,80,130,48206.4,2086.6604472750764,49386.0,44176,50468,0,0.0,0.0,0,0,0,0.0,0.0,0,0,0,0.0,0.0,0,0,0,0.0,0.0,0,0,0,0.0,0,0.0,0,0.0,1937551878.4,401553857.6178053,1,0.0,1,0.0,1.0,0.0,1,0.0,1,0.0,1.0,0.0,1,0.0,1,0.0,1.0,0.0
DRB061,89,20.789954839350234,85.0,60,120,48044,1049.6831267895407,47980.0,46376,50012,0,0.0,0.0,0,0,0,0.0,0.0,0,0,0,0.0,0.0,0,0,0,0.0,0.0,0,0,0,0.0,0,0.0,0,0.0,1612014133.8,853070476.1296962,1,0.0,1,0.0,1.0,0.0,1,0.0,1,0.0,1.0,0.0,1,0.0,1,0.0,1.0,0.0
DRB062,618,98.97249898611005,645.0,410,730,94517.2,1143.6426015150012,94628.0,92988,96152,0,0.0,0.0,0,0,0,0.0,0.0,0,0,0,0.0,0.0,0,0,0,0.0,0.0,0,0,0,0.0,0,0.0,0,0.0,29005931204.3,4125868878.353774,1,0.0,1,0.0,1.0,0.0,1,0.0,1,0.0,1.0,0.0,1,0.0,1,0.0,1.0,0.0
DRB063,80,15.634719199411432,80.0,60,100,47421.6,1996.2152633866363,47632.0,43956,51452,0,0.0,0.0,0,0,0,0.0,0.0,0,0,0,0.0,0.0,0,0,0,0.0,0.0,0,0,0,0.0,0,0.0,0,0.0,1855278287.4,954458851.7063073,1,0.0,1,0.0,1.0,0.0,1,0.0,1,0.0,1.0,0.0,1,0.0,1,0.0,1.0,0.0
DRB064,92,27.406406388125955,80.0,70,150,48179.2,2741.0997306434024,48226.0,43172,52460,0,0.0,0.0,0,0,0,0.0,0.0,0,0,0,0.0,0.0,0,0,0,0.0,0.0,0,0,0,0.0,0,0.0,0,0.0,1785720563.7,579211981.5616374,1,0.0,1,0.0,1.0,0.0,1,0.0,1,0.0,1.0,0.0,1,0.0,1,0.0,1.0,0.0
DRB065,115,22.73030282830976,115.0,80,160,47698.8,2502.4752546229106,47648.0,42688,52444,0,0.0,0.0,0,0,0,0.0,0.0,0,0,0,0.0,0.0,0,0,0,0.0,0.0,0,0,0,0.0,0,0.0,0,0.0,3969240735.1,625117428.507904,1,0.0,1,0.0,1.0,0.0,1,0.0,1,0.0,1.0,0.0,1,0.0,1,0.0,1.0,0.0
DRB066,87,17.029386365926403,80.0,70,120,47456,1918.9043169938875,47838.0,42956,49716,0,0.0,0.0,0,0,0,0.0,0.0,0,0,0,0.0,0.0,0,0,0,0.0,0.0,0,0,0,0.0,0,0.0,0,0.0,1871654064.5,605540846.8770038,1,0.0,1,0.0,1.0,0.0,1,0.0,1,0.0,1.0,0.0,1,0.0,1,0.0,1.0,0.0
DRB067,97,16.36391694484477,100.0,70,130,47820.4,1554.5962819973552,48030.0,44128,49824,0,0.0,0.0,0,0,0,0.0,0.0,0,0,0,0.0,0.0,0,0,0,0.0,0.0,0,0,0,0.0,0,0.0,0,0.0,1870119489.5,534831851.3880721,1,0.0,1,0.0,1.0,0.0,1,0.0,1,0.0,1.0,0.0,1,0.0,1,0.0,1.0,0.0
DRB068,97,16.36391694484477,100.0,60,120,47600.8,1794.353414959767,47908.0,43652,50044,0,0.0,0.0,0,0,0,0.0,0.0,0,0,0,0.0,0.0,0,0,0,0.0,0.0,0,0,0,0.0,0,0.0,0,0.0,1975137423.6,675955539.8737792,1,0.0,1,0.0,1.0,0.0,1,0.0,1,0.0,1.0,0.0,1,0.0,1,0.0,1.0,0.0
DRB069,87,18.287822299126937,90.0,50,120,48075.6,1783.7184132529937,47822.0,44840,50652,0,0.0,0.0,0,0,0,0.0,0.0,0,0,0,0.0,0.0,0,0,0,0.0,0.0,0,0,0,0.0,0,0.0,0,0.0,1645369511.9,915510437.2132363,1,0.0,1,0.0,1.0,0.0,1,0.0,1,0.0,1.0,0.0,1,0.0,1,0.0,1.0,0.0
DRB070,12,4.216370213557839,10.0,10,20,23418.8,1816.788913318098,24026.0,20240,25032,0,0.0,0.0,0,0,0,0.0,0.0,0,0,0,0.0,0.0,0,0,0,0.0,0.0,0,0,0,0.0,0,0.0,0,0.0,31213006.4,2053.768904017955,1,0.0,1,0.0,1.0,0.0,1,0.0,1,0.0,1.0,0.0,1,0.0,1,0.0,1.0,0.0
DRB071,91,21.83269719175042,90.0,60,130,48128,1897.3562893902897,47562.0,45764,52088,0,0.0,0.0,0,0,0,0.0,0.0,0,0,0,0.0,0.0,0,0,0,0.0,0.0,0,0,0,0.0,0,0.0,0,0.0,2300417802,1056189813.6520072,1,0.0,1,0.0,1.0,0.0,1,0.0,1,0.0,1.0,0.0,1,0.0,1,0.0,1.0,0.0
DRB072,90,16.32993161855452,90.0,60,110,47864.4,2216.1768481378517,47752.0,43884,52004,0,0.0,0.0,0,0,0,0.0,0.0,0,0,0,0.0,0.0,0,0,0,0.0,0.0,0,0,0,0.0,0,0.0,0,0.0,3044511167.1,831436845.9443502,1,0.0,1,0.0,1.0,0.0,1,0.0,1,0.0,1.0,0.0,1,0.0,1,0.0,1.0,0.0
DRB073,90,16.32993161855452,90.0,70,120,47634.8,1178.2971517311657,47686.0,45916,49856,0,0.0,0.0,0,0,0,0.0,0.0,0,0,0,0.0,0.0,0,0,0,0.0,0.0,0,0,0,0.0,0,0.0,0,0.0,2331466778.8,876908119.7577267,1,0.0,1,0.0,1.0,0.0,1,0.0,1,0.0,1.0,0.0,1,0.0,1,0.0,1.0,0.0
DRB074,30,0.0,30.0,30,30,30171.6,1643.0177655088753,30058.0,28044,32872,0,0.0,0.0,0,0,0,0.0,0.0,0,0,0,0.0,0.0,0,0,0,0.0,0.0,0,0,0,0.0,0,0.0,0,0.0,57085208.9,4257442.775117854,1,0.0,1,0.0,1.0,0.0,1,0.0,1,0.0,1.0,0.0,1,0.0,1,0.0,1.0,0.0
DRB075,93,15.670212364724211,95.0,70,120,47985.6,1641.5182132539512,47728.0,46480,52044,0,0.0,0.0,0,0,0,0.0,0.0,0,0,0,0.0,0.0,0,0,0,0.0,0.0,0,0,0,0.0,0,0.0,0,0.0,2330810337.7,678606169.1741356,1,0.0,1,0.0,1.0,0.0,1,0.0,1,0.0,1.0,0.0,1,0.0,1,0.0,1.0,0.0
DRB076,34,5.163977794943222,30.0,30,40,31126,1407.1326242477012,31078.0,29284,32696,0,0.0,0.0,0,0,0,0.0,0.0,0,0,0,0.0,0.0,0,0,0,0.0,0.0,0,0,0,0.0,0,0.0,0,0.0,58132757.4,4264710.460258708,1,0.0,1,0.0,1.0,0.0,1,0.0,1,0.0,1.0,0.0,1,0.0,1,0.0,1.0,0.0
DRB077,92,28.596814119369622,80.0,70,150,46926,2114.5617880675786,47494.0,43520,50196,0,0.0,0.0,0,0,0,0.0,0.0,0,0,0,0.0,0.0,0,0,0,0.0,0.0,0,0,0,0.0,0,0.0,0,0.0,2230162296,1300921255.9805107,1,0.0,1,0.0,1.0,0.0,1,0.0,1,0.0,1.0,0.0,1,0.0,1,0.0,1.0,0.0
DRB078,107,27.10063549890379,100.0,80,170,47851.2,1474.673658814044,47964.0,45824,50152,0,0.0,0.0,0,0,0,0.0,0.0,0,0,0,0.0,0.0,0,0,0,0.0,0.0,0,0,0,0.0,0,0.0,0,0.0,3678441126.2,858721788.5758063,1,0.0,1,0.0,1.0,0.0,1,0.0,1,0.0,1.0,0.0,1,0.0,1,0.0,1.0,0.0
DRB079,89,17.919573407620817,85.0,70,130,47717.2,2011.0778094234831,47622.0,45104,51476,0,0.0,0.0,0,0,0,0.0,0.0,0,0,0,0.0,0.0,0,0,0,0.0,0.0,0,0,0,0.0,0,0.0,0,0.0,2762255402.5,909970898.3895593,1,0.0,1,0.0,1.0,0.0,1,0.0,1,0.0,1.0,0.0,1,0.0,1,0.0,1.0,0.0
DRB080,100,27.888667551135853,90.0,70,150,47428,2286.79533165714,47652.0,43620,51324,0,0.0,0.0,0,0,0,0.0,0.0,0,0,0,0.0,0.0,0,0,0,0.0,0.0,0,0,0,0.0,0,0.0,0,0.0,2038592580.5,666229480.9570736,1,0.0,1,0.0,1.0,0.0,1,0.0,1,0.0,1.0,0.0,1,0.0,1,0.0,1.0,0.0
DRB081,14,5.163977794943222,10.0,10,20,23123.6,1614.660005491352,23340.0,20432,25548,0,0.0,0.0,0,0,0,0.0,0.0,0,0,0,0.0,0.0,0,0,0,0.0,0.0,0,0,0,0.0,0,0.0,0,0.0,31024882.3,2334.5369300522484,1,0.0,1,0.0,1.0,0.0,1,0.0,1,0.0,1.0,0.0,1,0.0,1,0.0,1.0,0.0
DRB082,94,20.11080417199781,90.0,70,130,47280.4,1302.3144525548864,47444.0,45272,49824,0,0.0,0.0,0,0,0,0.0,0.0,0,0,0,0.0,0.0,0,0,0,0.0,0.0,0,0,0,0.0,0,0.0,0,0.0,1950045619.6,682044056.3320084,1,0.0,1,0.0,1.0,0.0,1,0.0,1,0.0,1.0,0.0,1,0.0,1,0.0,1.0,0.0
DRB083,15,5.270462766947299,15.0,10,20,23179.6,1265.7462620920514,23186.0,21112,25464,0,0.0,0.0,0,0,0,0.0,0.0,0,0,0,0.0,0.0,0,0,0,0.0,0.0,0,0,0,0.0,0,0.0,0,0.0,31020850.9,2626.1288133761536,1,0.0,1,0.0,1.0,0.0,1,0.0,1,0.0,1.0,0.0,1,0.0,1,0.0,1.0,0.0
DRB084,93,24.517567397911055,100.0,50,120,48086.8,1692.5279449522966,48190.0,44644,50648,0,0.0,0.0,0,0,0,0.0,0.0,0,0,0,0.0,0.0,0,0,0,0.0,0.0,0,0,0,0.0,0,0.0,0,0.0,2193368839.6,922179917.9656293,1,0.0,1,0.0,1.0,0.0,1,0.0,1,0.0,1.0,0.0,1,0.0,1,0.0,1.0,0.0
DRB085,105,22.73030282830976,105.0,70,140,48380.4,1979.5653394958536,47962.0,46332,51840,0,0.0,0.0,0,0,0,0.0,0.0,0,0,0,0.0,0.0,0,0,0,0.0,0.0,0,0,0,0.0,0,0.0,0,0.0,2065570101.5,472583799.4446196,1,0.0,1,0.0,1.0,0.0,1,0.0,1,0.0,1.0,0.0,1,0.0,1,0.0,1.0,0.0
DRB086,98,24.404006956964167,95.0,70,140,47402.8,1809.4281969727342,47550.0,45132,50556,0,0.0,0.0,0,0,0,0.0,0.0,0,0,0,0.0,0.0,0,0,0,0.0,0.0,0,0,0,0.0,0,0.0,0,0.0,1986747772.1,708425884.6603822,1,0.0,1,0.0,1.0,0.0,1,0.0,1,0.0,1.0,0.0,1,0.0,1,0.0,1.0,0.0
DRB087,81,21.83269719175042,80.0,50,110,48362,1541.8260458156606,47802.0,46980,51100,0,0.0,0.0,0,0,0,0.0,0.0,0,0,0,0.0,0.0,0,0,0,0.0,0.0,0,0,0,0.0,0,0.0,0,0.0,1462849342.5,909249081.8008722,1,0.0,1,0.0,1.0,0.0,1,0.0,1,0.0,1.0,0.0,1,0.0,1,0.0,1.0,0.0
DRB088,104,28.751811537130433,100.0,60,150,48300.8,1872.2704458016267,47844.0,45816,52072,0,0.0,0.0,0,0,0,0.0,0.0,0,0,0,0.0,0.0,0,0,0,0.0,0.0,0,0,0,0.0,0,0.0,0,0.0,2387437778.1,1155585418.4703658,1,0.0,1,0.0,1.0,0.0,1,0.0,1,0.0,1.0,0.0,1,0.0,1,0.0,1.0,0.0
DRB089,78,16.865480854231357,70.0,60,120,47179.6,2383.625212896431,46434.0,44348,51936,0,0.0,0.0,0,0,0,0.0,0.0,0,0,0,0.0,0.0,0,0,0,0.0,0.0,0,0,0,0.0,0,0.0,0,0.0,1585600789.2,819289499.4277136,1,0.0,1,0.0,1.0,0.0,1,0.0,1,0.0,1.0,0.0,1,0.0,1,0.0,1.0,0.0
DRB090,93,13.374935098492585,95.0,70,110,47646.4,2021.8567484149592,47836.0,43000,50204,0,0.0,0.0,0,0,0,0.0,0.0,0,0,0,0.0,0.0,0,0,0,0.0,0.0,0,0,0,0.0,0,0.0,0,0.0,2255652615.6,809231949.5078115,1,0.0,1,0.0,1.0,0.0,1,0.0,1,0.0,1.0,0.0,1,0.0,1,0.0,1.0,0.0
DRB091,93,23.593784492248517,95.0,60,140,48569.6,2518.2527981828107,48136.0,44548,52752,0,0.0,0.0,0,0,0,0.0,0.0,0,0,0,0.0,0.0,0,0,0,0.0,0.0,0,0,0,0.0,0,0.0,0,0.0,2398055729.8,820845810.7769647,1,0.0,1,0.0,1.0,0.0,1,0.0,1,0.0,1.0,0.0,1,0.0,1,0.0,1.0,0.0
DRB092,85,19.0029237516523,85.0,50,110,47834,1416.9918058259116,48166.0,44840,49356,0,0.0,0.0,0,0,0,0.0,0.0,0,0,0,0.0,0.0,0,0,0,0.0,0.0,0,0,0,0.0,0,0.0,0,0.0,1673413295.2,622602326.6773689,1,0.0,1,0.0,1.0,0.0,1,0.0,1,0.0,1.0,0.0,1,0.0,1,0.0,1.0,0.0
DRB093,92,30.840089349921005,85.0,50,140,47876.4,2313.041249572135,47774.0,43704,51236,0,0.0,0.0,0,0,0,0.0,0.0,0,0,0,0.0,0.0,0,0,0,0.0,0.0,0,0,0,0.0,0,0.0,0,0.0,2042360593.1,1341890293.7298028,1,0.0,1,0.0,1.0,0.0,1,0.0,1,0.0,1.0,0.0,1,0.0,1,0.0,1.0,0.0
DRB094,900010,0.0,900010.0,900010,900010,50888,0.0,50888.0,50888,50888,0,0.0,0.0,0,0,0,0.0,0.0,0,0,0,0.0,0.0,0,0,0,0.0,0.0,0,0,0,0.0,0,0.0,0,0.0,1694750169067,0.0,1,0.0,1,0.0,1.0,0.0,1,0.0,1,0.0,1.0,0.0,1,0.0,1,0.0,1.0,0.0
DRB095,102,21.499353995462798,100.0,70,140,47750.8,2731.768039607723,47008.0,44436,52956,0,0.0,0.0,0,0,0,0.0,0.0,0,0,0,0.0,0.0,0,0,0,0.0,0.0,0,0,0,0.0,0,0.0,0,0.0,3423178802.8,1361103881.5970592,1,0.0,1,0.0,1.0,0.0,1,0.0,1,0.0,1.0,0.0,1,0.0,1,0.0,1.0,0.0
DRB096,100,20.548046676563256,95.0,80,150,49529.6,2310.3171114709676,50018.0,46336,52104,0,0.0,0.0,0,0,0,0.0,0.0,0,0,0,0.0,0.0,0,0,0,0.0,0.0,0,0,0,0.0,0,0.0,0,0.0,2803092759,1327190950.6624255,1,0.0,1,0.0,1.0,0.0,1,0.0,1,0.0,1.0,0.0,1,0.0,1,0.0,1.0,0.0
DRB097,370,28.284271247461902,360.0,320,420,109828.4,5472.659625609634,107474.0,103640,120328,0,0.0,0.0,0,0,0,0.0,0.0,0,0,0,0.0,0.0,0,0,0,0.0,0.0,0,0,0,0.0,0,0.0,0,0.0,15245116352.9,3232214657.5325108,1,0.0,1,0.0,1.0,0.0,1,0.0,1,0.0,1.0,0.0,1,0.0,1,0.0,1.0,0.0
DRB098,13,4.83045891539648,10.0,10,20,24122.4,863.1316624169609,24354.0,22536,25340,0,0.0,0.0,0,0,0,0.0,0.0,0,0,0,0.0,0.0,0,0,0,0.0,0.0,0,0,0,0.0,0,0.0,0,0.0,31342738.3,1837.772809680239,1,0.0,1,0.0,1.0,0.0,1,0.0,1,0.0,1.0,0.0,1,0.0,1,0.0,1.0,0.0
DRB099,92,22.01009869229224,85.0,60,130,47372.4,1946.8478911078573,47878.0,42644,49328,0,0.0,0.0,0,0,0,0.0,0.0,0,0,0,0.0,0.0,0,0,0,0.0,0.0,0,0,0,0.0,0,0.0,0,0.0,1812424185.6,782832831.7772357,1,0.0,1,0.0,1.0,0.0,1,0.0,1,0.0,1.0,0.0,1,0.0,1,0.0,1.0,0.0
DRB100,117,22.63232692902394,115.0,90,170,47791.6,1587.4501706965307,47744.0,45848,49656,0,0.0,0.0,0,0,0,0.0,0.0,0,0,0,0.0,0.0,0,0,0,0.0,0.0,0,0,0,0.0,0,0.0,0,0.0,3872665767.9,1538399185.262186,1,0.0,1,0.0,1.0,0.0,1,0.0,1,0.0,1.0,0.0,1,0.0,1,0.0,1.0,0.0
DRB101,127,27.507574714370342,125.0,80,190,47538,1917.987139338183,46994.0,45240,50980,0,0.0,0.0,0,0,0,0.0,0.0,0,0,0,0.0,0.0,0,0,0,0.0,0.0,0,0,0,0.0,0,0.0,0,0.0,4219460727.4,1094336629.450219,1,0.0,1,0.0,1.0,0.0,1,0.0,1,0.0,1.0,0.0,1,0.0,1,0.0,1.0,0.0
DRB102,109,16.6332999331662,115.0,80,130,47238.8,1509.9516401380395,47554.0,44688,49020,0,0.0,0.0,0,0,0,0.0,0.0,0,0,0,0.0,0.0,0,0,0,0.0,0.0,0,0,0,0.0,0,0.0,0,0.0,2753427769.3,694293141.2236047,1,0.0,1,0.0,1.0,0.0,1,0.0,1,0.0,1.0,0.0,1,0.0,1,0.0,1.0,0.0
DRB103,89,21.31770260709264,80.0,60,140,47385.6,1795.0531530353696,47888.0,44824,49988,0,0.0,0.0,0,0,0,0.0,0.0,0,0,0,0.0,0.0,0,0,0,0.0,0.0,0,0,0,0.0,0,0.0,0,0.0,1760165335.6,639090522.7851439,1,0.0,1,0.0,1.0,0.0,1,0.0,1,0.0,1.0,0.0,1,0.0,1,0.0,1.0,0.0
DRB104,84,11.737877907772672,80.0,70,100,48092,2238.890201267881,47814.0,45568,52696,0,0.0,0.0,0,0,0,0.0,0.0,0,0,0,0.0,0.0,0,0,0,0.0,0.0,0,0,0,0.0,0,0.0,0,0.0,1863312921.7,525669312.59057677,1,0.0,1,0.0,1.0,0.0,1,0.0,1,0.0,1.0,0.0,1,0.0,1,0.0,1.0,0.0
DRB105,1191,59.7122730730924,1180.0,1130,1340,97413.2,3841.649206034073,96108.0,93356,105368,0,0.0,0.0,0,0,0,0.0,0.0,0,0,0,0.0,0.0,0,0,0,0.0,0.0,0,0,0,0.0,0,0.0,0,0.0,26234025910.9,2286305901.248554,1,0.0,1,0.0,1.0,0.0,1,0.0,1,0.0,1.0,0.0,1,0.0,1,0.0,1.0,0.0
DRB106,227,63.953107821277925,235.0,140,320,54258.8,3570.270851848016,53372.0,50096,62552,0,0.0,0.0,0,0,0,0.0,0.0,0,0,0,0.0,0.0,0,0,0,0.0,0.0,0,0,0,0.0,0,0.0,0,0.0,11510040761.9,4020087218.4686313,1,0.0,1,0.0,1.0,0.0,1,0.0,1,0.0,1.0,0.0,1,0.0,1,0.0,1.0,0.0
DRB107,92,19.888578520235065,90.0,70,120,49503.2,1692.9309758194186,49784.0,46112,51372,0,0.0,0.0,0,0,0,0.0,0.0,0,0,0,0.0,0.0,0,0,0,0.0,0.0,0,0,0,0.0,0,0.0,0,0.0,2809338711.2,796703858.6663547,1,0.0,1,0.0,1.0,0.0,1,0.0,1,0.0,1.0,0.0,1,0.0,1,0.0,1.0,0.0
DRB108,79,14.491376746189438,80.0,60,100,48290.4,1708.4929811581512,48152.0,45508,50132,0,0.0,0.0,0,0,0,0.0,0.0,0,0,0,0.0,0.0,0,0,0,0.0,0.0,0,0,0,0.0,0,0.0,0,0.0,1663934681.2,540015609.3617657,1,0.0,1,0.0,1.0,0.0,1,0.0,1,0.0,1.0,0.0,1,0.0,1,0.0,1.0,0.0
DRB109,93,19.46506842754191,85.0,70,130,49017.2,2060.8132591015833,48660.0,45864,52016,0,0.0,0.0,0,0,0,0.0,0.0,0,0,0,0.0,0.0,0,0,0,0.0,0.0,0,0,0,0.0,0,0.0,0,0.0,1422472259,312881866.0473444,1,0.0,1,0.0,1.0,0.0,1,0.0,1,0.0,1.0,0.0,1,0.0,1,0.0,1.0,0.0
DRB110,104,38.06427312965386,95.0,70,190,47338.4,1446.4905576371154,47350.0,44948,49336,0,0.0,0.0,0,0,0,0.0,0.0,0,0,0,0.0,0.0,0,0,0,0.0,0.0,0,0,0,0.0,0,0.0,0,0.0,1925741894.8,669497427.239511,1,0.0,1,0.0,1.0,0.0,1,0.0,1,0.0,1.0,0.0,1,0.0,1,0.0,1.0,0.0
DRB111,89,11.972189997378647,90.0,70,100,47598.8,2693.457455885774,47198.0,42800,52788,0,0.0,0.0,0,0,0,0.0,0.0,0,0,0,0.0,0.0,0,0,0,0.0,0.0,0,0,0,0.0,0,0.0,0,0.0,2097114410.9,568454551.0882505,1,0.0,1,0.0,1.0,0.0,1,0.0,1,0.0,1.0,0.0,1,0.0,1,0.0,1.0,0.0
DRB112,96,21.186998109427606,95.0,70,130,47591.2,2145.2217083037776,47372.0,44808,50448,0,0.0,0.0,0,0,0,0.0,0.0,0,0,0,0.0,0.0,0,0,0,0.0,0.0,0,0,0,0.0,0,0.0,0,0.0,2595424619,712303877.6746413,1,0.0,1,0.0,1.0,0.0,1,0.0,1,0.0,1.0,0.0,1,0.0,1,0.0,1.0,0.0
DRB113,93,18.287822299126937,90.0,70,130,47632,1124.8118855069845,47528.0,45704,50016,0,0.0,0.0,0,0,0,0.0,0.0,0,0,0,0.0,0.0,0,0,0,0.0,0.0,0,0,0,0.0,0,0.0,0,0.0,2587977130.7,1157677647.7264118,1,0.0,1,0.0,1.0,0.0,1,0.0,1,0.0,1.0,0.0,1,0.0,1,0.0,1.0,0.0
DRB114,51,34.14023367751832,30.0,20,100,35780.8,10334.98701606452,28944.0,26660,50192,0,0.0,0.0,0,0,0,0.0,0.0,0,0,0,0.0,0.0,0,0,0,0.0,0.0,0,0,0,0.0,0,0.0,0,0.0,991270255.6,1306610589.459022,1,0.0,1,0.0,1.0,0.0,1,0.0,1,0.0,1.0,0.0,1,0.0,1,0.0,1.0,0.0
DRB115,86,14.298407059684811,85.0,70,110,48312,2654.878611998003,47446.0,45836,52564,0,0.0,0.0,0,0,0,0.0,0.0,0,0,0,0.0,0.0,0,0,0,0.0,0.0,0,0,0,0.0,0,0.0,0,0.0,1835325045.5,648131578.5915905,1,0.0,1,0.0,1.0,0.0,1,0.0,1,0.0,1.0,0.0,1,0.0,1,0.0,1.0,0.0
DRB116,58,4.216370213557839,60.0,50,60,62427.2,2567.722934170793,61840.0,58368,67124,0,0.0,0.0,0,0,0,0.0,0.0,0,0,0,0.0,0.0,0,0,0,0.0,0.0,0,0,0,0.0,0,0.0,0,0.0,92760295.6,1556135.2148781358,1,0.0,1,0.0,1.0,0.0,1,0.0,1,0.0,1.0,0.0,1,0.0,1,0.0,1.0,0.0
DRB117,27,4.83045891539648,30.0,20,30,27958.8,1825.8694610757059,27962.0,25312,29848,0,0.0,0.0,0,0,0,0.0,0.0,0,0,0,0.0,0.0,0,0,0,0.0,0.0,0,0,0,0.0,0,0.0,0,0.0,49792879.9,362783.5473739281,1,0.0,1,0.0,1.0,0.0,1,0.0,1,0.0,1.0,0.0,1,0.0,1,0.0,1.0,0.0
DRB118,87,19.46506842754191,90.0,60,130,48134.8,1493.4286279118487,47862.0,45868,50728,0,0.0,0.0,0,0,0,0.0,0.0,0,0,0,0.0,0.0,0,0,0,0.0,0.0,0,0,0,0.0,0,0.0,0,0.0,1691293132.1,589302949.9503057,1,0.0,1,0.0,1.0,0.0,1,0.0,1,0.0,1.0,0.0,1,0.0,1,0.0,1.0,0.0
DRB119,89,12.866839377079188,85.0,80,120,47396,2390.7339644738577,47404.0,42496,51900,0,0.0,0.0,0,0,0,0.0,0.0,0,0,0,0.0,0.0,0,0,0,0.0,0.0,0,0,0,0.0,0,0.0,0,0.0,2242074198.1,367159166.464985,1,0.0,1,0.0,1.0,0.0,1,0.0,1,0.0,1.0,0.0,1,0.0,1,0.0,1.0,0.0
DRB120,89,15.951314818673865,90.0,70,110,48077.2,2238.3303698168515,47598.0,44816,51892,0,0.0,0.0,0,0,0,0.0,0.0,0,0,0,0.0,0.0,0,0,0,0.0,0.0,0,0,0,0.0,0,0.0,0,0.0,2204695504,749209312.1888579,1,0.0,1,0.0,1.0,0.0,1,0.0,1,0.0,1.0,0.0,1,0.0,1,0.0,1.0,0.0
DRB121,100,14.907119849998598,100.0,70,120,46691.2,2131.0627917126753,47078.0,43616,49700,0,0.0,0.0,0,0,0,0.0,0.0,0,0,0,0.0,0.0,0,0,0,0.0,0.0,0,0,0,0.0,0,0.0,0,0.0,2312730387.4,900206171.6273167,1,0.0,1,0.0,1.0,0.0,1,0.0,1,0.0,1.0,0.0,1,0.0,1,0.0,1.0,0.0
DRB122,94,22.705848487901868,90.0,70,130,47907.2,1771.4132964011155,47196.0,45820,51336,0,0.0,0.0,0,0,0,0.0,0.0,0,0,0,0.0,0.0,0,0,0,0.0,0.0,0,0,0,0.0,0,0.0,0,0.0,1965482802,588503841.3841735,1,0.0,1,0.0,1.0,0.0,1,0.0,1,0.0,1.0,0.0,1,0.0,1,0.0,1.0,0.0
DRB123,111,27.668674625929512,120.0,50,140,47966.8,1385.3674041366949,47938.0,46048,49924,0,0.0,0.0,0,0,0,0.0,0.0,0,0,0,0.0,0.0,0,0,0,0.0,0.0,0,0,0,0.0,0,0.0,0,0.0,3798388136.7,1718668309.9944854,1,0.0,1,0.0,1.0,0.0,1,0.0,1,0.0,1.0,0.0,1,0.0,1,0.0,1.0,0.0
DRB124,76,19.550504398153574,75.0,40,100,48360.4,2062.220981800393,48840.0,45704,52112,0,0.0,0.0,0,0,0,0.0,0.0,0,0,0,0.0,0.0,0,0,0,0.0,0.0,0,0,0,0.0,0,0.0,0,0.0,1562079356,821416994.2294292,1,0.0,1,0.0,1.0,0.0,1,0.0,1,0.0,1.0,0.0,1,0.0,1,0.0,1.0,0.0
DRB125,85,25.05549396395485,80.0,60,150,47631.2,1723.381482241623,47772.0,45112,50000,0,0.0,0.0,0,0,0,0.0,0.0,0,0,0,0.0,0.0,0,0,0,0.0,0.0,0,0,0,0.0,0,0.0,0,0.0,1957225658.2,790779039.6157432,1,0.0,1,0.0,1.0,0.0,1,0.0,1,0.0,1.0,0.0,1,0.0,1,0.0,1.0,0.0
DRB126,23,4.83045891539648,20.0,20,30,27736.4,914.4848215738132,27584.0,26048,29256,0,0.0,0.0,0,0,0,0.0,0.0,0,0,0,0.0,0.0,0,0,0,0.0,0.0,0,0,0,0.0,0,0.0,0,0.0,46831971.8,29490.33909152849,1,0.0,1,0.0,1.0,0.0,1,0.0,1,0.0,1.0,0.0,1,0.0,1,0.0,1.0,0.0
DRB127,27,4.83045891539648,30.0,20,30,26994,1142.1076034147472,26926.0,25772,29088,0,0.0,0.0,0,0,0,0.0,0.0,0,0,0,0.0,0.0,0,0,0,0.0,0.0,0,0,0,0.0,0,0.0,0,0.0,47602255.9,28226.879610478456,1,0.0,1,0.0,1.0,0.0,1,0.0,1,0.0,1.0,0.0,1,0.0,1,0.0,1.0,0.0
DRB128,30,0.0,30.0,30,30,26020.4,1076.6705056691103,25894.0,23956,28172,0,0.0,0.0,0,0,0,0.0,0.0,0,0,0,0.0,0.0,0,0,0,0.0,0.0,0,0,0,0.0,0,0.0,0,0.0,47590651.8,20157.092596789735,1,0.0,1,0.0,1.0,0.0,1,0.0,1,0.0,1.0,0.0,1,0.0,1,0.0,1.0,0.0
DRB129,30,0.0,30.0,30,30,26557.6,1498.601659325564,26312.0,24564,29344,0,0.0,0.0,0,0,0,0.0,0.0,0,0,0,0.0,0.0,0,0,0,0.0,0.0,0,0,0,0.0,0,0.0,0,0.0,47584337.6,4533.820444417955,1,0.0,1,0.0,1.0,0.0,1,0.0,1,0.0,1.0,0.0,1,0.0,1,0.0,1.0,0.0
DRB130,33,4.83045891539648,30.0,30,40,26726.4,1343.5663321507013,26992.0,24020,28812,0,0.0,0.0,0,0,0,0.0,0.0,0,0,0,0.0,0.0,0,0,0,0.0,0.0,0,0,0,0.0,0,0.0,0,0.0,47583252.7,8446.298453563351,1,0.0,1,0.0,1.0,0.0,1,0.0,1,0.0,1.0,0.0,1,0.0,1,0.0,1.0,0.0
DRB131,102,23.944379994757295,90.0,80,140,46976.8,1769.1587957118052,47078.0,44012,49332,0,0.0,0.0,0,0,0,0.0,0.0,0,0,0,0.0,0.0,0,0,0,0.0,0.0,0,0,0,0.0,0,0.0,0,0.0,3293502619.8,1360366555.6146524,1,0.0,1,0.0,1.0,0.0,1,0.0,1,0.0,1.0,0.0,1,0.0,1,0.0,1.0,0.0
DRB132,88,20.439612955674523,90.0,50,120,48514.4,2626.17538552846,48552.0,44308,52924,0,0.0,0.0,0,0,0,0.0,0.0,0,0,0,0.0,0.0,0,0,0,0.0,0.0,0,0,0,0.0,0,0.0,0,0.0,2581979550.8,1306302967.9782925,1,0.0,1,0.0,1.0,0.0,1,0.0,1,0.0,1.0,0.0,1,0.0,1,0.0,1.0,0.0
DRB133,99,17.28840330651992,100.0,80,130,48574,1816.1558914978148,48422.0,46372,52020,0,0.0,0.0,0,0,0,0.0,0.0,0,0,0,0.0,0.0,0,0,0,0.0,0.0,0,0,0,0.0,0,0.0,0,0.0,3387062224.1,1273253880.5499356,1,0.0,1,0.0,1.0,0.0,1,0.0,1,0.0,1.0,0.0,1,0.0,1,0.0,1.0,0.0
DRB134,100,21.081851067789195,110.0,70,130,47514.4,1574.1401321215196,47484.0,45540,49756,0,0.0,0.0,0,0,0,0.0,0.0,0,0,0,0.0,0.0,0,0,0,0.0,0.0,0,0,0,0.0,0,0.0,0,0.0,3515563578.7,1361571159.9405046,1,0.0,1,0.0,1.0,0.0,1,0.0,1,0.0,1.0,0.0,1,0.0,1,0.0,1.0,0.0
DRB135,101,17.919573407620817,95.0,80,130,48596,1563.1978619341685,48934.0,45752,50336,0,0.0,0.0,0,0,0,0.0,0.0,0,0,0,0.0,0.0,0,0,0,0.0,0.0,0,0,0,0.0,0,0.0,0,0.0,3442226136.8,1041958774.5865802,1,0.0,1,0.0,1.0,0.0,1,0.0,1,0.0,1.0,0.0,1,0.0,1,0.0,1.0,0.0
DRB136,96,26.331223544175334,95.0,50,130,47374.4,2331.7420859854024,47640.0,42968,52092,0,0.0,0.0,0,0,0,0.0,0.0,0,0,0,0.0,0.0,0,0,0,0.0,0.0,0,0,0,0.0,0,0.0,0,0.0,3475857474.6,1570137402.647402,1,0.0,1,0.0,1.0,0.0,1,0.0,1,0.0,1.0,0.0,1,0.0,1,0.0,1.0,0.0
DRB137,10,0.0,10.0,10,10,23156.4,1411.6561746953666,22690.0,21296,25788,0,0.0,0.0,0,0,0,0.0,0.0,0,0,0,0.0,0.0,0,0,0,0.0,0.0,0,0,0,0.0,0,0.0,0,0.0,31026584.9,1961.8962737333716,1,0.0,1,0.0,1.0,0.0,1,0.0,1,0.0,1.0,0.0,1,0.0,1,0.0,1.0,0.0
DRB138,10,0.0,10.0,10,10,23472.8,1298.6677618065198,23554.0,21036,25728,0,0.0,0.0,0,0,0,0.0,0.0,0,0,0,0.0,0.0,0,0,0,0.0,0.0,0,0,0,0.0,0,0.0,0,0.0,31027315.6,1033.1540919813356,1,0.0,1,0.0,1.0,0.0,1,0.0,1,0.0,1.0,0.0,1,0.0,1,0.0,1.0,0.0
DRB139,90,29.05932629027116,90.0,50,160,47590.4,1935.360041152263,47902.0,43856,50736,0,0.0,0.0,0,0,0,0.0,0.0,0,0,0,0.0,0.0,0,0,0,0.0,0.0,0,0,0,0.0,0,0.0,0,0.0,1773264122.7,801296626.8748419,1,0.0,1,0.0,1.0,0.0,1,0.0,1,0.0,1.0,0.0,1,0.0,1,0.0,1.0,0.0
DRB140,99,16.6332999331662,100.0,80,130,46529.2,1868.3469104472483,46762.0,42816,49248,0,0.0,0.0,0,0,0,0.0,0.0,0,0,0,0.0,0.0,0,0,0,0.0,0.0,0,0,0,0.0,0,0.0,0,0.0,2703488006.2,769114310.3210046,1,0.0,1,0.0,1.0,0.0,1,0.0,1,0.0,1.0,0.0,1,0.0,1,0.0,1.0,0.0
DRB141,100,13.333333333333334,95.0,90,130,47779.2,3024.955639711469,48430.0,42732,52776,0,0.0,0.0,0,0,0,0.0,0.0,0,0,0,0.0,0.0,0,0,0,0.0,0.0,0,0,0,0.0,0,0.0,0,0.0,2745838850.3,685008907.6585331,1,0.0,1,0.0,1.0,0.0,1,0.0,1,0.0,1.0,0.0,1,0.0,1,0.0,1.0,0.0
DRB142,23,4.83045891539648,20.0,20,30,27347.6,1687.60126938932,27826.0,24024,29888,0,0.0,0.0,0,0,0,0.0,0.0,0,0,0,0.0,0.0,0,0,0,0.0,0.0,0,0,0,0.0,0,0.0,0,0.0,47272621.4,35743.21073745645,1,0.0,1,0.0,1.0,0.0,1,0.0,1,0.0,1.0,0.0,1,0.0,1,0.0,1.0,0.0
DRB143,24,5.163977794943222,20.0,20,30,27045.2,1209.4561495886396,26778.0,25100,29208,0,0.0,0.0,0,0,0,0.0,0.0,0,0,0,0.0,0.0,0,0,0,0.0,0.0,0,0,0,0.0,0,0.0,0,0.0,47252492.4,42386.16826067464,1,0.0,1,0.0,1.0,0.0,1,0.0,1,0.0,1.0,0.0,1,0.0,1,0.0,1.0,0.0
DRB144,95,15.09230856356236,95.0,70,110,49154,1669.5923654193757,49838.0,44980,50656,0,0.0,0.0,0,0,0,0.0,0.0,0,0,0,0.0,0.0,0,0,0,0.0,0.0,0,0,0,0.0,0,0.0,0,0.0,1544488595.8,654962383.637253,1,0.0,1,0.0,1.0,0.0,1,0.0,1,0.0,1.0,0.0,1,0.0,1,0.0,1.0,0.0
DRB145,103,21.10818693198342,100.0,70,140,47384.8,2413.0296678196432,47336.0,42716,51276,0,0.0,0.0,0,0,0,0.0,0.0,0,0,0,0.0,0.0,0,0,0,0.0,0.0,0,0,0,0.0,0,0.0,0,0.0,2031580454.8,483818732.4595565,1,0.0,1,0.0,1.0,0.0,1,0.0,1,0.0,1.0,0.0,1,0.0,1,0.0,1.0,0.0
DRB146,47,4.83045891539648,50.0,40,50,46447.2,1659.9660505229886,46270.0,43420,48828,0,0.0,0.0,0,0,0,0.0,0.0,0,0,0,0.0,0.0,0,0,0,0.0,0.0,0,0,0,0.0,0,0.0,0,0.0,55480868.9,18361.8250451552,1,0.0,1,0.0,1.0,0.0,1,0.0,1,0.0,1.0,0.0,1,0.0,1,0.0,1.0,0.0
DRB147,109,19.119507199599983,105.0,70,130,48386,1585.9373674055773,48476.0,45572,51260,0,0.0,0.0,0,0,0,0.0,0.0,0,0,0,0.0,0.0,0,0,0,0.0,0.0,0,0,0,0.0,0,0.0,0,0.0,2186791615.7,783575323.3375162,1,0.0,1,0.0,1.0,0.0,1,0.0,1,0.0,1.0,0.0,1,0.0,1,0.0,1.0,0.0
DRB148,101,22.82785822435191,105.0,70,130,47324.8,1846.428191581429,47672.0,44600,49752,0,0.0,0.0,0,0,0,0.0,0.0,0,0,0,0.0,0.0,0,0,0,0.0,0.0,0,0,0,0.0,0,0.0,0,0.0,1854512546.9,732834685.612428,1,0.0,1,0.0,1.0,0.0,1,0.0,1,0.0,1.0,0.0,1,0.0,1,0.0,1.0,0.0
DRB149,105,28.382310609877337,110.0,50,130,48786.4,1246.5821005185874,48976.0,47068,51452,0,0.0,0.0,0,0,0,0.0,0.0,0,0,0,0.0,0.0,0,0,0,0.0,0.0,0,0,0,0.0,0,0.0,0,0.0,1823901064.3,798267646.4330176,1,0.0,1,0.0,1.0,0.0,1,0.0,1,0.0,1.0,0.0,1,0.0,1,0.0,1.0,0.0
DRB150,112,22.01009869229224,115.0,70,140,47797.2,1742.6049976336512,47390.0,44552,49900,0,0.0,0.0,0,0,0,0.0,0.0,0,0,0,0.0,0.0,0,0,0,0.0,0.0,0,0,0,0.0,0,0.0,0,0.0,2163164600.5,505882962.900324,1,0.0,1,0.0,1.0,0.0,1,0.0,1,0.0,1.0,0.0,1,0.0,1,0.0,1.0,0.0
DRB151,102,27.80887148615228,100.0,60,140,48110,1150.802232261381,48318.0,46296,49844,0,0.0,0.0,0,0,0,0.0,0.0,0,0,0,0.0,0.0,0,0,0,0.0,0.0,0,0,0,0.0,0,0.0,0,0.0,2063374268.2,917530131.844724,1,0.0,1,0.0,1.0,0.0,1,0.0,1,0.0,1.0,0.0,1,0.0,1,0.0,1.0,0.0
DRB152,95,32.744804507314164,85.0,50,160,47264,2061.3134971016257,47828.0,44144,49352,0,0.0,0.0,0,0,0,0.0,0.0,0,0,0,0.0,0.0,0,0,0,0.0,0.0,0,0,0,0.0,0,0.0,0,0.0,1853460105.6,927208057.7080386,1,0.0,1,0.0,1.0,0.0,1,0.0,1,0.0,1.0,0.0,1,0.0,1,0.0,1.0,0.0
DRB153,99,14.491376746189438,100.0,80,120,48328.4,1929.2015158839392,48524.0,45580,52096,0,0.0,0.0,0,0,0,0.0,0.0,0,0,0,0.0,0.0,0,0,0,0.0,0.0,0,0,0,0.0,0,0.0,0,0.0,2062519932.4,667472787.0771104,1,0.0,1,0.0,1.0,0.0,1,0.0,1,0.0,1.0,0.0,1,0.0,1,0.0,1.0,0.0
DRB154,42,4.216370213557839,40.0,40,50,44579.2,1598.9160772918078,44284.0,42868,46728,0,0.0,0.0,0,0,0,0.0,0.0,0,0,0,0.0,0.0,0,0,0,0.0,0.0,0,0,0,0.0,0,0.0,0,0.0,56234268.3,34747.69280925953,1,0.0,1,0.0,1.0,0.0,1,0.0,1,0.0,1.0,0.0,1,0.0,1,0.0,1.0,0.0
DRB155,100,19.436506316151,100.0,70,140,48625.2,1506.6903242980402,48606.0,46204,51456,0,0.0,0.0,0,0,0,0.0,0.0,0,0,0,0.0,0.0,0,0,0,0.0,0.0,0,0,0,0.0,0,0.0,0,0.0,1981330613.2,472044795.37899214,1,0.0,1,0.0,1.0,0.0,1,0.0,1,0.0,1.0,0.0,1,0.0,1,0.0,1.0,0.0
DRB156,104,25.03331114069145,105.0,60,140,47612.8,1754.2104776793462,47588.0,45496,51484,0,0.0,0.0,0,0,0,0.0,0.0,0,0,0,0.0,0.0,0,0,0,0.0,0.0,0,0,0,0.0,0,0.0,0,0.0,2027244868.1,846764142.0015628,1,0.0,1,0.0,1.0,0.0,1,0.0,1,0.0,1.0,0.0,1,0.0,1,0.0,1.0,0.0
DRB157,113,16.36391694484477,115.0,90,140,48514,1787.855574579657,48594.0,45096,50692,0,0.0,0.0,0,0,0,0.0,0.0,0,0,0,0.0,0.0,0,0,0,0.0,0.0,0,0,0,0.0,0,0.0,0,0.0,1981768873,589595611.2591046,1,0.0,1,0.0,1.0,0.0,1,0.0,1,0.0,1.0,0.0,1,0.0,1,0.0,1.0,0.0
DRB158,30,4.714045207910317,30.0,20,40,26858.4,1408.425693223939,27084.0,24752,29128,0,0.0,0.0,0,0,0,0.0,0.0,0,0,0,0.0,0.0,0,0,0,0.0,0.0,0,0,0,0.0,0,0.0,0,0.0,48484680.1,5723.043041560631,1,0.0,1,0.0,1.0,0.0,1,0.0,1,0.0,1.0,0.0,1,0.0,1,0.0,1.0,0.0
DRB159,142,33.928028399998595,135.0,80,200,48796.8,1377.0858764474754,48878.0,45904,50648,0,0.0,0.0,0,0,0,0.0,0.0,0,0,0,0.0,0.0,0,0,0,0.0,0.0,0,0,0,0.0,0,0.0,0,0.0,4795421254.7,1738204978.4224565,1,0.0,1,0.0,1.0,0.0,1,0.0,1,0.0,1.0,0.0,1,0.0,1,0.0,1.0,0.0
DRB160,40,0.0,40.0,40,40,44940,1394.5264429188856,44976.0,43116,47132,0,0.0,0.0,0,0,0,0.0,0.0,0,0,0,0.0,0.0,0,0,0,0.0,0.0,0,0,0,0.0,0,0.0,0,0.0,55839125.9,20619.536035571273,1,0.0,1,0.0,1.0,0.0,1,0.0,1,0.0,1.0,0.0,1,0.0,1,0.0,1.0,0.0
DRB161,109,22.335820757001272,110.0,80,150,48294.4,2336.812796191523,47632.0,44604,52180,0,0.0,0.0,0,0,0,0.0,0.0,0,0,0,0.0,0.0,0,0,0,0.0,0.0,0,0,0,0.0,0,0.0,0,0.0,2247068281.4,921955898.1689444,1,0.0,1,0.0,1.0,0.0,1,0.0,1,0.0,1.0,0.0,1,0.0,1,0.0,1.0,0.0
DRB162,119,16.6332999331662,120.0,90,140,46234.4,1642.2523286971193,46522.0,43936,48456,0,0.0,0.0,0,0,0,0.0,0.0,0,0,0,0.0,0.0,0,0,0,0.0,0.0,0,0,0,0.0,0,0.0,0,0.0,2175356540.7,484250034.4965248,1,0.0,1,0.0,1.0,0.0,1,0.0,1,0.0,1.0,0.0,1,0.0,1,0.0,1.0,0.0
DRB163,120,20.0,125.0,80,140,48231.6,1849.8292533816916,47916.0,44572,50728,0,0.0,0.0,0,0,0,0.0,0.0,0,0,0,0.0,0.0,0,0,0,0.0,0.0,0,0,0,0.0,0,0.0,0,0.0,2344016856,631152320.136367,1,0.0,1,0.0,1.0,0.0,1,0.0,1,0.0,1.0,0.0,1,0.0,1,0.0,1.0,0.0
DRB164,108,31.198290551460243,120.0,50,140,48389.6,2071.7358905034203,48878.0,44936,51644,0,0.0,0.0,0,0,0,0.0,0.0,0,0,0,0.0,0.0,0,0,0,0.0,0.0,0,0,0,0.0,0,0.0,0,0.0,1990398625.1,1007676487.3020347,1,0.0,1,0.0,1.0,0.0,1,0.0,1,0.0,1.0,0.0,1,0.0,1,0.0,1.0,0.0
DRB165,99,27.668674625929512,95.0,60,140,48267.2,2547.8257746121058,48286.0,43964,52724,0,0.0,0.0,0,0,0,0.0,0.0,0,0,0,0.0,0.0,0,0,0,0.0,0.0,0,0,0,0.0,0,0.0,0,0.0,3183909808.2,1638380239.1513188,1,0.0,1,0.0,1.0,0.0,1,0.0,1,0.0,1.0,0.0,1,0.0,1,0.0,1.0,0.0
DRB166,96,17.126976771553505,90.0,70,130,48203.6,1745.9076722438674,47694.0,46656,52704,0,0.0,0.0,0,0,0,0.0,0.0,0,0,0,0.0,0.0,0,0,0,0.0,0.0,0,0,0,0.0,0,0.0,0,0.0,3471079261.8,985169242.9963316,1,0.0,1,0.0,1.0,0.0,1,0.0,1,0.0,1.0,0.0,1,0.0,1,0.0,1.0,0.0
DRB167,113,28.30390628713837,115.0,70,150,47538.8,2691.6232524878615,47274.0,44044,52700,0,0.0,0.0,0,0,0,0.0,0.0,0,0,0,0.0,0.0,0,0,0,0.0,0.0,0,0,0,0.0,0,0.0,0,0.0,4095984173.9,1545183709.4945602,1,0.0,1,0.0,1.0,0.0,1,0.0,1,0.0,1.0,0.0,1,0.0,1,0.0,1.0,0.0
DRB168,99,26.853512081497108,90.0,80,170,48006,1249.0668516936953,47942.0,45924,49696,0,0.0,0.0,0,0,0,0.0,0.0,0,0,0,0.0,0.0,0,0,0,0.0,0.0,0,0,0,0.0,0,0.0,0,0.0,3110904552.8,1226726428.946555,1,0.0,1,0.0,1.0,0.0,1,0.0,1,0.0,1.0,0.0,1,0.0,1,0.0,1.0,0.0
DRB169,96,20.11080417199781,100.0,60,120,48643.2,1648.43877653979,47952.0,46536,52232,0,0.0,0.0,0,0,0,0.0,0.0,0,0,0,0.0,0.0,0,0,0,0.0,0.0,0,0,0,0.0,0,0.0,0,0.0,2083315684.6,835598171.418145,1,0.0,1,0.0,1.0,0.0,1,0.0,1,0.0,1.0,0.0,1,0.0,1,0.0,1.0,0.0
DRB170,96,9.66091783079296,95.0,80,110,47903.2,1986.6297983156187,47618.0,45680,52084,0,0.0,0.0,0,0,0,0.0,0.0,0,0,0,0.0,0.0,0,0,0,0.0,0.0,0,0,0,0.0,0,0.0,0,0.0,2048451781.1,753112224.271099,1,0.0,1,0.0,1.0,0.0,1,0.0,1,0.0,1.0,0.0,1,0.0,1,0.0,1.0,0.0
DRB171,96,18.37873166945363,95.0,70,130,47068.8,1636.7597257997277,47108.0,43808,49892,0,0.0,0.0,0,0,0,0.0,0.0,0,0,0,0.0,0.0,0,0,0,0.0,0.0,0,0,0,0.0,0,0.0,0,0.0,1843184674.8,596881351.0071776,1,0.0,1,0.0,1.0,0.0,1,0.0,1,0.0,1.0,0.0,1,0.0,1,0.0,1.0,0.0
DRB172,106,21.186998109427606,105.0,80,140,48260.4,1242.1378703223281,48178.0,45992,50108,0,0.0,0.0,0,0,0,0.0,0.0,0,0,0,0.0,0.0,0,0,0,0.0,0.0,0,0,0,0.0,0,0.0,0,0.0,2282861200.3,397659999.0333694,1,0.0,1,0.0,1.0,0.0,1,0.0,1,0.0,1.0,0.0,1,0.0,1,0.0,1.0,0.0
DRB173,107,22.135943621178654,100.0,70,150,47823.2,859.5808797832167,47856.0,46256,49576,0,0.0,0.0,0,0,0,0.0,0.0,0,0,0,0.0,0.0,0,0,0,0.0,0.0,0,0,0,0.0,0,0.0,0,0.0,3412148781.3,1219450748.5771897,1,0.0,1,0.0,1.0,0.0,1,0.0,1,0.0,1.0,0.0,1,0.0,1,0.0,1.0,0.0
DRB174,118,15.491933384829668,115.0,100,150,48596.4,2982.8591503976704,48100.0,43084,52896,0,0.0,0.0,0,0,0,0.0,0.0,0,0,0,0.0,0.0,0,0,0,0.0,0.0,0,0,0,0.0,0,0.0,0,0.0,4113292572.7,1084732621.5820878,1,0.0,1,0.0,1.0,0.0,1,0.0,1,0.0,1.0,0.0,1,0.0,1,0.0,1.0,0.0
DRB175,133,27.507574714370342,135.0,100,190,55026,1973.0578636556338,54770.0,52908,58600,0,0.0,0.0,0,0,0,0.0,0.0,0,0,0,0.0,0.0,0,0,0,0.0,0.0,0,0,0,0.0,0,0.0,0,0.0,5119322680.5,1654596776.0890849,1,0.0,1,0.0,1.0,0.0,1,0.0,1,0.0,1.0,0.0,1,0.0,1,0.0,1.0,0.0
DRB176,355,122.94985427671993,320.0,180,620,53624,4248.117177710092,52674.0,49004,61512,0,0.0,0.0,0,0,0,0.0,0.0,0,0,0,0.0,0.0,0,0,0,0.0,0.0,0,0,0,0.0,0,0.0,0,0.0,18694292480.6,9255627046.241096,1,0.0,1,0.0,1.0,0.0,1,0.0,1,0.0,1.0,0.0,1,0.0,1,0.0,1.0,0.0
DRB177,272,82.97255235585105,250.0,180,450,54640.8,2528.2621523708954,54548.0,50880,58864,0,0.0,0.0,0,0,0,0.0,0.0,0,0,0,0.0,0.0,0,0,0,0.0,0.0,0,0,0,0.0,0,0.0,0,0.0,13814991276.7,6302085267.149284,1,0.0,1,0.0,1.0,0.0,1,0.0,1,0.0,1.0,0.0,1,0.0,1,0.0,1.0,0.0
DRB178,88,25.733678754158376,85.0,50,150,47373.6,2435.1275211874313,47304.0,43980,51368,0,0.0,0.0,0,0,0,0.0,0.0,0,0,0,0.0,0.0,0,0,0,0.0,0.0,0,0,0,0.0,0,0.0,0,0.0,1675834854.4,703508566.7947558,1,0.0,1,0.0,1.0,0.0,1,0.0,1,0.0,1.0,0.0,1,0.0,1,0.0,1.0,0.0
DRB179,82,14.757295747452437,75.0,70,110,47127.2,1857.1393054911093,47370.0,43320,49156,0,0.0,0.0,0,0,0,0.0,0.0,0,0,0,0.0,0.0,0,0,0,0.0,0.0,0,0,0,0.0,0,0.0,0,0.0,1864024487.3,699179168.9294333,1,0.0,1,0.0,1.0,0.0,1,0.0,1,0.0,1.0,0.0,1,0.0,1,0.0,1.0,0.0
